likely_mpid,expt_gap,formula
,0.0,Ag(AuS)2
mp-29717,0.0,Ag(W3Br7)2
,1.83,Ag0.5Ge1Pb1.75S4
,1.51,Ag0.5Ge1Pb1.75Se4
,0.0,Ag2BBr
mp-23558,0.0,Ag2BiO3
mp-9900,1.98,Ag2GeS3
,0.9,Ag2GeSe3
mp-23485,2.47,Ag2HgI4
mp-1203404,3.06,Ag2Mo(I2O7)2
mp-557644,0.0,Ag2P2PbO7
mp-5495,0.18,Ag2PdO2
mp-5408,0.0,Ag3AsO4
,0.0,Ag3Pd
mp-510453,0.0,Ag3RuO4
mp-554648,1.4,Ag5IO6
,0.0,Ag7(SI)2
mp-15077,1.0,Ag7AsS6
,1.0,Ag7AsSe6
,0.0,Ag7NO11
mp-9770,1.18,Ag8GeS6
mp-17984,0.71,Ag8SnSe6
,0.0,Ag9(PbO3)4
mp-561034,0.0,Ag9Ge2IO8
mp-4483,1.4,AgAsSe2
,0.0,AgAu3
mp-556434,1.7,AgBi(PS3)2
mp-569126,1.4,AgBi(PSe3)2
,1.2,AgBiPbS3
,0.13,AgBiPbSe3
mp-29678,0.9,AgBiS2
mp-27916,0.34,AgBiSe2
mp-23231,2.52,AgBr
mp-6781,0.0,AgCNO
mp-22922,5.13,AgCl
mp-7592,2.8,AgF
,0.0,AgGeO3
mp-499,1.57,AgO
mp-1195243,1.47,AgP15
mp-1193499,1.5,AgPd(IO3)3
,0.0,AgPdO2
mp-30353,0.0,AgPt3
mp-1006372,0.18,AgSO4
,0.8,AgTe2As
mp-505473,0.0,Al(Ni10B7)2
,0.0,Al(NiS2)2
,1.6,Al0.01Cd0.99Sb0.01Te0.99
,2.27,Al0.01Ga0.99P1
,1.3,Al0.01In0.99P1
,1.37,Al0.05Cd0.95Sb0.05Te0.95
,1.6,Al0.15Ga0.85As1
,1.36,Al0.1Cd0.9Sb0.1Te0.9
,1.5,Al0.1In0.9P1
,2.3,Al0.2Ga0.8P1
,1.7,Al0.2In0.8P1
,2.0,Al0.35Ga0.65As1
,1.81,Al0.3Ga0.7As1
,1.9,Al0.3In0.7P1
,1.93,Al0.45Cd0.55Sb0.45Te0.55
,1.8,Al0.4Cd0.6Sb0.4Te0.6
,2.35,Al0.4Ga0.6P1
,2.12,Al0.4In0.6P1
,2.12,Al0.5Ga0.5As1
,2.3,Al0.6Ga0.4As1
,2.4,Al0.6Ga0.4P1
,2.3,Al0.6In0.4P1
,2.42,Al0.75Ga0.25As1
,2.3,Al0.7In0.3P1
,2.43,Al0.8Ga0.2P1
,2.21,Al0.99Cd0.01Sb0.99Te0.01
,2.49,Al0.99Ga0.01P1
,2.4,Al0.99In0.01P1
mp-16722,0.0,Al10V
mp-17880,0.0,Al13Ru4
,0.0,Al2(CuSe2)3
mp-1982,0.0,Al21Pt8
,0.0,Al2CoIr
,0.0,Al2Cr2O7
,0.0,Al2CrS4
mp-998,0.0,Al2Cu
,0.0,Al2FeNi
mp-10910,0.0,Al2Ru
mp-684638,4.1,Al2S3
mp-11674,3.1,Al2Se3
,0.0,Al3Tc
,0.0,Al4Cu2O7
mp-593,0.0,Al4Cu9
mp-1791,0.0,Al5Rh2
mp-570001,0.0,Al6Fe
mp-16529,0.0,Al6Ru
mp-16718,0.0,Al6Tc
mp-569102,0.0,Al7(CN)3
mp-16488,0.0,Al9Co2
mp-12003,0.0,Al9Ir2
mp-1645,0.0,Al9Rh2
mp-9631,3.6,AlAgO2
mp-5782,3.13,AlAgS2
mp-14091,2.55,AlAgSe2
mp-14092,1.8,AlAgTe2
mp-2172,0.0,AlAs
mp-944,0.0,AlB2
,0.4,AlBi
,0.0,AlCoO3
mp-12802,0.0,AlCu3
,0.0,AlCu7O12
mp-4979,3.5,AlCuS2
mp-8017,2.06,AlCuTe2
,0.0,AlFe2Si
,0.0,AlFe4(CuO4)3
mp-1885,0.0,AlIr
,0.0,AlNi2
mp-27393,0.0,AlPd5I2
,0.0,AlSn
mp-1194859,2.9,AlV(TeO4)2
mp-4955,0.0,AlVCo2
mp-15649,1.0,As2Ir
mp-1581,4.0,As2O3
mp-2455,0.9,As2Os
mp-15954,1.15,As2Rh
mp-766,0.8,As2Ru
,2.48,As2S5
,0.0,AsAu3
mp-23317,2.6,AsBr3
,1.3,AsOsS
,0.23,AsP
,0.45,AsPPd
,0.4,AsPPt
,0.8,AsPRu
mp-20257,0.0,AsPd3Pb2
,1.2,AsRuS
mp-542810,2.4,AsS
,2.35,AsS3
,2.05,AsSI
,0.0,AsSeBr
mp-505373,1.76,AsSeI
,0.0,Au3S
,0.0,AuBrO2
mp-1196917,2.9,B2Mo(PbO2)6
mp-306,4.89,B2O3
mp-558521,4.64,B2Se2O7
,4.42,B3H2Pb2O7.5
,3.25,B3Pb10Br3O13
mp-1200969,3.64,B3Pb3NO10
mp-696746,1.64,B4C
,3.24,B4H2Pb6O13
,0.0,B4W
,0.0,B5Mo2
mp-624,1.51,B6As
mp-28395,3.3,B6P
mp-10044,1.45,BAs
mp-1105235,3.76,BH(PbO2)2
mp-1890,0.0,BMo
mp-1479,4.2,BP
,3.99,BPb2ClO3
,2.84,BPb6BrO7
mp-1201413,2.62,BPb7Br3O7
mp-21502,0.0,BRh2
,2.6,BSb
,1.8,BSbPbS4
,0.0,BSe2Cl
,0.0,BTe2As
mp-571350,0.0,Ba(AsPd)2
mp-568113,0.0,Ba(AsRh)2
mp-7349,0.0,Ba(BRh)2
mp-27660,0.0,Ba(FeS2)2
mp-849286,4.13,Ba(GaS2)2
mp-7841,3.16,Ba(GaSe2)2
mp-21943,3.06,Ba(InS2)2
mp-21766,2.63,Ba(InSe2)2
mp-571420,0.0,Ba(NiP2)2
,0.0,Ba(PdO2)2
,0.0,Ba(SnO2)4
mp-7427,0.23,Ba(ZnAs)2
,0.13,Ba1.88Ta15O32
,2.56,Ba12In4S19
mp-738639,0.0,Ba14Ir8(PdO11)3
,0.0,Ba14Na8CaN6
,2.84,Ba23Ga8(SbS19)2
,5.12,Ba2B4H2O9
mp-1199077,6.53,Ba2B6H4O13
,5.17,Ba2B6O11
mp-23127,0.0,Ba2BiSbO6
mp-6739,0.0,Ba2CaOsO6
mp-12417,0.0,Ba2CaReO6
mp-1190588,4.59,Ba2Cd(BO2)6
,0.0,Ba2Ce2O5
,1.35,Ba2CeInTe5
mp-22112,0.0,Ba2CoWO6
mp-29457,0.0,Ba2Cu5F14
mp-505618,0.0,Ba2CuWO6
mp-622105,0.0,Ba2DyCu3O7
mp-1105698,2.35,Ba2DyGaSe5
mp-1105922,1.13,Ba2DyGaTe5
mp-1106127,2.27,Ba2DyInSe5
mp-1189860,1.35,Ba2DyInTe5
mp-1105790,1.95,Ba2ErGaSe5
mp-1105724,1.15,Ba2ErGaTe5
mp-1188122,2.29,Ba2ErInSe5
mp-1106146,1.35,Ba2ErInTe5
mp-1289745,0.0,Ba2FeMoO6
mp-31756,0.0,Ba2FeReO6
,3.0,Ba2Ga8GeS16
,3.4,Ba2Ga8SiS16
mp-1195309,1.39,Ba2GaAsSe5
mp-1201906,2.38,Ba2GaBiS5
mp-1203584,2.21,Ba2GaBiSe5
mp-1202829,1.43,Ba2GaBiTe5
mp-1199702,2.55,Ba2GaS4
mp-1203387,2.51,Ba2GaSbSe5
mp-1200935,1.66,Ba2GaSbTe5
mp-1195574,1.63,Ba2GaSe4
mp-1190156,1.87,Ba2GdGaSe5
mp-1105573,1.12,Ba2GdGaTe5
,2.24,Ba2GdInSe5
,1.36,Ba2GdInTe5
mp-1194545,2.4,Ba2HgS5
mp-22841,2.47,Ba2In2S5
mp-573635,2.12,Ba2In2Se5
mp-1197611,2.32,Ba2InAgS4
mp-864638,1.55,Ba2InBiS5
mp-1189339,1.92,Ba2InSbSe5
mp-15889,0.0,Ba2LaIrO6
mp-8924,0.0,Ba2LiFe2N3
mp-1191092,0.45,Ba2NaCu3S5
,2.12,Ba2NdGaS5
mp-1205363,2.18,Ba2NdGaSe5
mp-1190093,2.2,Ba2NdInSe5
mp-1205400,1.37,Ba2NdInTe5
mp-20286,0.0,Ba2ReNiO6
,2.7,Ba2Sb7HO14
,0.0,Ba2ScIrO6
,4.19,Ba2ScTaO6
mp-21451,0.0,Ba2SmCu3O7
mp-1189376,2.27,Ba2SmGaSe5
mp-1189729,1.04,Ba2SmGaTe5
mp-1188304,2.22,Ba2SmInSe5
,1.36,Ba2SmInTe5
,3.02,Ba2SmTaO6
mp-1192595,1.9,Ba2SnSe4
mp-31307,1.8,Ba2SnSe5
mp-1079630,4.17,Ba2TaInO6
mp-12410,0.0,Ba2TbIrO6
mp-1078405,1.75,Ba2ThCu2Se5
mp-1205359,0.0,Ba2UCuO6
mp-1204192,3.16,Ba2V2Te2O11
mp-556688,3.48,Ba2V2ZnO8
,2.64,Ba2V4(TeO6)3
mp-1106265,2.31,Ba2YGaSe5
mp-1189739,1.08,Ba2YGaTe5
mp-1205397,2.31,Ba2YInSe5
mp-1106096,1.36,Ba2YInTe5
mp-6430,0.0,Ba2YReO6
mp-15039,0.0,Ba2Yb(CuO2)4
,3.54,Ba2Zn0.2B2S5.2
mp-1190528,2.75,Ba2ZnSe3
mp-1190380,2.1,Ba2ZnTe3
mp-10669,0.0,Ba3(AlGe)2
mp-30254,0.0,Ba3(LiSn2)4
,2.37,Ba3Ag2(SnS4)2
,3.01,Ba3B1.5Sb0.5S6
,2.62,Ba3BSbS6
,1.89,Ba3BSbSe6
,2.43,Ba3Bi0.5B1.5S6
mp-556407,2.3,Ba3Bi2TeO9
mp-17448,0.0,Ba3CaIr2O9
mp-6443,0.0,Ba3CaRu2O9
,2.75,Ba3Cd(SnS4)2
,0.0,Ba3Co10O17
mp-30903,0.0,Ba3CrS5
mp-560798,3.28,Ba3Dy2(PS4)4
mp-560534,3.3,Ba3Er2(PS4)4
mp-541721,0.0,Ba3ErRu2O9
,4.09,Ba3Eu(PO4)3
mp-1195713,1.65,Ba3FeS4Br
mp-684036,3.41,Ba3Gd2(PS4)4
mp-1200759,3.0,Ba3GeS5
mp-559171,3.3,Ba3Ho2(PS4)4
mp-1200796,3.87,Ba3In2(PO4)4
mp-1205371,3.42,Ba3InS4Cl
,1.8,Ba3La3(Cu3O7)2
mp-6325,4.28,Ba3MgTa2O9
,0.0,Ba3N2
mp-21876,0.0,Ba3NaIr2O9
mp-9746,0.0,Ba3NaIrO6
mp-31514,0.0,Ba3Nb2CoO9
mp-1195033,1.3,Ba3Nb2Se9
mp-1194911,6.89,Ba3P3ClO10
,0.0,Ba3PN
mp-1195624,2.4,Ba3Sb2S7
,0.97,Ba3Sn(SbSe4)2
,0.79,Ba3Sn0.87Bi2.13Se8
mp-1195068,1.6,Ba3Ta2Se9
,4.32,Ba3Ta2ZnO9
,2.8,Ba3Ta5NO14
mp-554264,3.37,Ba3Tb2(PS4)4
,0.0,Ba3Te
mp-1095255,1.96,Ba3ThSe7
mp-1200758,2.87,Ba3V2(SeO4)4
mp-1205382,0.0,Ba3YIr2O9
,0.0,Ba3Yb4O9
mp-561170,0.0,Ba3ZrRu2O9
,7.1,Ba4B11O20F
,2.18,Ba4Ga4GeSe12
mp-1195344,2.16,Ba4Ga4SnSe12
,2.52,Ba4Ga5AgS12
,2.82,Ba4Ga5CuS12
,1.45,Ba4Ga5CuSe12
,0.31,Ba4Ga5Si18
,2.91,Ba4Ge3S9Cl2
,1.89,Ba4Ge3Se9Cl2
,2.41,Ba4InAgSe6
,2.23,Ba4InCuSe6
mp-1197353,2.65,Ba4LiGa5Se12
mp-4564,0.0,Ba4Nb14O23
,2.09,Ba4Sb3S8Cl
mp-17815,0.0,Ba4Si20Au3
,1.76,Ba4Si3Se9Cl2
mp-636383,0.0,Ba4Sm2Cu2O9
mp-653337,0.0,Ba4Yb(CuO3)3
,2.2,Ba5(Ga2Se5)2
mp-1204617,2.51,Ba5(GaSe4)2
mp-570390,0.0,Ba5Al2Ge7
mp-29621,0.0,Ba5Bi3
,2.6,Ba5Cd(Ga2Se5)3
,1.39,Ba5Ga6GeP12
,1.21,Ba5Ga6SnP12
mp-21538,0.0,Ba5Ge3
mp-31407,0.0,Ba5In4Bi5
mp-1105201,2.13,Ba5In4Te4S7
mp-9909,0.0,Ba5Sb3
,3.85,Ba5V3O12F
,3.44,Ba6Al4B14O33
,1.99,Ba6Ga2SnSe11
,0.0,Ba6In2NF
mp-1196224,1.52,Ba6Sn6Se13
,2.29,Ba7(SnS3)5
,4.94,Ba7B3O9F5
,2.6,Ba7Ga5AgS15
mp-556877,0.0,Ba7Ru4Br2O15
mp-1019529,3.1,Ba8Al10B12O41
,1.98,Ba8Hg4Se7S5
mp-1195594,2.31,Ba8Sn4S15
,0.0,Ba8Ta7O24
mp-11840,0.0,BaAg
mp-1241,0.0,BaAg2
mp-1190401,2.2,BaAgSbS3
mp-551,0.0,BaAl2
mp-1191234,3.4,BaAl4Se7
,0.0,BaAlCu4O7
,2.32,BaAu(IO3)5
mp-30363,0.0,BaAu2
mp-954,2.64,BaB6
mp-1103527,6.89,BaBClF4
mp-866301,2.34,BaBSbS4
mp-552806,3.71,BaBiClO2
mp-1019542,5.6,BaCaB2O5
mp-583645,0.0,BaCaSn3
mp-12306,2.3,BaCdSnS4
mp-12364,0.48,BaCu2SnSe4
,2.0,BaCuSbS3
,1.6,BaCuSbSe3
mp-13287,2.3,BaCuTeF
mp-22550,0.0,BaDy2CuO5
mp-579071,0.0,BaEu2Mn2O7
,3.23,BaGa2GeS6
,3.75,BaGa2SiS6
,2.88,BaGa2SiSe6
mp-4309,3.54,BaGa4S7
mp-1191072,2.64,BaGa4Se7
mp-2139,1.0,BaGe2
mp-22346,0.0,BaGe3Pt
,1.54,BaGe4(IrS3)2
,1.33,BaGe4(IrSe3)2
,1.09,BaGe4(RhSe3)2
mp-28007,1.93,BaHgS2
,1.56,BaHgSe2
mp-1205018,3.97,BaIn2(P2O7)2
mp-22780,0.0,BaIn2Ir
mp-22423,0.0,BaLa2CoS5
,1.87,BaLa2In2S7
,1.66,BaLa2In2Se7
mp-559703,3.81,BaLa2Te5O14
mp-210,0.0,BaLi4
,0.0,BaMn4O7
,0.0,BaMn4ZnO8
mp-1205336,0.0,BaMnO3
,3.7,BaNa2GeS4
,2.25,BaNa2GeSe4
,3.27,BaNa2SnS4
,2.46,BaNa2SnSe4
mp-1019554,4.78,BaNaB5O9
mp-505517,0.0,BaNb4O6
mp-1342,4.8,BaO
mp-1106270,1.97,BaPd(IO3)4
,2.15,BaPdSe6
mp-22705,2.0,BaPrO3
mp-811,0.0,BaPt5
mp-28911,3.44,BaReH9
mp-1500,3.88,BaS
mp-2499,0.0,BaSi
mp-1477,1.3,BaSi2
mp-1202711,2.35,BaSn2S5
mp-7759,0.0,BaSn3
mp-3163,3.1,BaSnO3
,1.78,BaTaNO2
mp-558858,0.0,BaTbMn2O6
mp-1000,3.4,BaTe
mp-1203413,3.12,BaTeMo2O9
,0.0,BaTh3
,0.0,BaTi14O28
,0.0,BaTi4O7
,0.0,BaTi4O8
,0.0,BaTl(MoO3)2
,0.0,BaTl3
,1.0,BaUSe3
mp-1200210,2.13,BaV2SeO8
,0.0,BaYb2O4
mp-571479,0.0,BaYbSn3
,0.0,BaZn(MoO2)4
mp-303,0.0,BaZn5
,2.46,BaZnGeSe4
mp-548469,3.9,BaZnSO
,2.71,BaZnSiSe4
mp-571622,0.0,Be12Pt
mp-569364,0.0,Be22Re
,0.0,Be2HgTe
mp-11282,0.0,Be2W
mp-18337,3.8,Be3N2
,0.67,Be3Sb2
mp-4262,0.0,BeAlB
mp-2323,0.0,BeCu
,0.0,BeFe2Si
,0.0,BeGaO3
,0.0,BeGaRh2
mp-2542,10.39,BeO
mp-13452,0.0,BePd2
mp-13453,0.0,BePd3
mp-422,4.17,BeS
mp-1541,4.0,BeSe
,0.0,BeSiOs2
,0.0,BeSiRu2
,0.0,BeTcSe
mp-252,2.89,BeTe
,0.79,Bi0.002Te0.003Pb0.999Se0.999
,0.28,Bi0.04Te0.06Pb0.98Se0.98
,0.28,Bi0.2Sb1.8Te3
,0.25,Bi0.2Te0.3Pb0.9Se0.9
,0.21,Bi0.4Sb1.6Te3
,0.22,Bi0.4Te0.6Pb0.8Se0.8
,0.2,Bi0.6Sb1.4Te3
,0.17,Bi1.4Sb0.6Te3
,0.16,Bi1.6Sb0.4Te3
,0.15,Bi1.8Sb0.2Te3
,0.14,Bi1.98Sb0.02Te3
,3.25,Bi12PO20
,0.0,Bi12Rh12O41
,0.02,Bi1Sb0.15
,0.0,Bi2(BO3)3
mp-23388,2.9,Bi2(MoO4)3
,0.0,Bi2(PO4)3
,2.91,Bi24BO39
,3.43,Bi2AsClO4
mp-30200,3.42,Bi2CO5
mp-1204764,3.3,Bi2I4O13
mp-1200193,3.15,Bi2Mo2Se2O13
,0.0,Bi2O5
mp-23012,0.0,Bi2Pd3S2
mp-568531,0.0,Bi2Pt
,3.74,Bi2SI2O11
mp-541837,0.35,Bi2Se3
,3.7,Bi2SeI2O11
,0.27,Bi2Te0.03Se2.97
,0.78,Bi2Te0.1Se2.9
,0.24,Bi2Te0.3Se2.7
,0.2,Bi2Te0.45Se2.55
,0.7,Bi2Te0.4Se2.6
,0.28,Bi2Te0.6Se2.4
,0.28,Bi2Te0.9Se2.1
,0.28,Bi2Te1.2Se1.8
,0.29,Bi2Te1.5Se1.5
,0.29,Bi2Te2.1Se0.9
,0.25,Bi2Te2.4Se0.6
,0.2,Bi2Te2.7Se0.3
,0.15,Bi2Te2.97Se0.03
,3.6,Bi2Te2SO10
mp-29666,0.3,Bi2Te2Se
mp-34202,0.25,Bi2Te3
,2.6,Bi3BTeO9
,3.7,Bi3I4O13F3
,3.59,Bi3Se2NO11
mp-583234,0.0,Bi4I
mp-1190436,0.29,Bi4Pb7Se13
,2.06,Bi4Pd(SeO3)4
mp-554445,2.76,Bi5IO7
mp-1190898,4.05,Bi7O5F11
,0.4,Bi8Te7S5
,1.27,Bi9S6O7.5
,0.0,BiAs2Os
mp-556601,3.2,BiBPbO4
mp-568301,2.66,BiBr3
mp-23072,2.92,BiBrO
mp-22939,3.46,BiClO
,3.97,BiIO3F2
,0.0,BiO
,3.7,BiP3(PbO4)3
mp-558798,3.85,BiPO4
,1.6,BiPb2S2I3
mp-23084,2.45,BiPbClO2
mp-1008488,0.0,BiPd
mp-23324,1.88,BiSBr
mp-23318,1.89,BiSCl
mp-23514,1.56,BiSI
,0.19,BiSbTe3
mp-27902,0.4,BiSe
mp-23020,1.28,BiSeI
,3.83,BiSeO3F
mp-22965,0.46,BiTeI
mp-1195032,3.62,BiTeNO6
,3.7,CBr4
,2.26,CI4
mp-7878,0.0,Ca(AgGe)2
mp-17871,0.0,Ca(Al4Co)2
mp-30175,0.0,Ca(AlZn)2
mp-10289,0.0,Ca(BC)2
mp-14445,0.0,Ca(BIr)2
mp-558751,3.08,Ca(BiO2)2
mp-4259,0.0,Ca(CoGe)2
,0.0,Ca(CoS2)4
,2.55,Ca(GdS2)2
mp-16261,0.0,Ca(GeRh)2
,2.7,Ca(LaS2)2
mp-5498,0.0,Ca(MnAs)2
,2.7,Ca(NdS2)2
,0.0,Ca(Ni2O3)2
,2.9,Ca(PrS2)2
mp-567769,0.0,Ca(SiPd)2
,2.05,Ca(SmS2)2
,0.0,Ca(TiS2)4
mp-1019569,5.47,Ca10Ge16(B2O17)3
mp-27298,0.0,Ca11Bi10
mp-30474,0.0,Ca11Ga7
mp-28848,3.34,Ca2Bi2O5
mp-1095180,0.95,Ca2CdAs2
,0.0,Ca2CdPb
,0.0,Ca2Co9O13
,0.0,Ca2CuWO6
mp-304,1.0,Ca2Ge
mp-29809,0.0,Ca2GeN2
,0.0,Ca2Mn9O13
mp-18907,0.0,Ca2MnAlO5
,0.0,Ca2NiIrO6
mp-2923,0.0,Ca2Os2O7
mp-20723,0.0,Ca2PbAu2
mp-1189528,3.68,Ca2ScSbO6
mp-2517,1.9,Ca2Si
,3.45,Ca2SmTaO6
mp-22735,0.9,Ca2Sn
,0.0,Ca2Sn2F3
mp-866503,2.32,Ca2SnS4
,0.0,Ca2Ti9O13
,0.0,Ca2TlCd
,0.0,Ca2ZnRh
mp-31479,0.0,Ca3(GaPt)2
mp-27997,0.0,Ca3Al2Ge3
mp-30366,0.0,Ca3Au
mp-12699,0.0,Ca3Au4
,4.2,Ca3Bi(PO4)3
,0.0,Ca3BiAs
,0.0,Ca3BiSb
mp-23095,0.0,Ca3Cu2(ClO2)2
mp-20581,0.0,Ca3In
,1.45,Ca3La2(SnS4)3
mp-844,1.55,Ca3N2
,0.0,Ca3PbN
,1.4,Ca3Sb2
,0.0,Ca3SbN
,0.0,Ca3Sn2S7
,1.65,Ca3Ti2(SiO4)3
mp-10554,0.0,Ca3TlN
,0.0,Ca3Zr17O37
,0.0,Ca4Al3O10
,2.76,Ca4Bi6O13
,2.6,Ca5(Bi7O13)2
mp-30367,0.0,Ca5Au2
mp-6632,6.53,Ca5B3O9F
mp-570356,0.0,Ca5Ir
mp-17564,0.0,Ca5Sb3
,0.0,Ca5Sn4S13
mp-542496,0.0,Ca6Ag16N
mp-579544,0.0,Ca6Cu2Sn7
,0.0,CaAgF5
mp-568920,0.0,CaAu5
mp-865,4.5,CaB6
,0.0,CaCdPd2
,0.0,CaCdSi
mp-1882,0.0,CaCu5
,0.0,CaEu2O3
,0.0,CaEuO2
mp-2741,9.92,CaF2
mp-11431,0.0,CaGa3Ni2
mp-567485,0.0,CaGaAu3
mp-541310,0.0,CaGaGe
mp-13286,0.0,CaGe2
,0.0,CaHfZn
mp-11287,0.0,CaHg2
mp-30031,5.98,CaI2
mp-20846,0.0,CaIn2Ir
mp-20838,0.0,CaIn4Ir
mp-20378,0.0,CaInAu
mp-570689,0.0,CaInPt
mp-4243,0.0,CaIrO3
mp-5795,3.25,CaMg2N2
mp-4864,0.0,CaMgSn
mp-20233,0.0,CaMnSn
mp-774,0.0,CaNi5
,0.0,CaOsO3
mp-20034,0.0,CaPb
,0.0,CaPd3C
,0.0,CaPrZn2
mp-4190,4.4,CaSnO3
,2.4,CaTaNO2
,0.0,CaTi4O8
,0.0,CaTiO2
,0.0,CaVO2
mp-541276,0.0,CaYbInSe4
mp-1725,0.0,CaZn2
,0.0,CaZn3
mp-542953,0.0,CaZn3Ni2
mp-1734,0.0,CaZn5
mp-7204,3.7,CaZnSO
mp-4452,3.4,Cd(GaS2)2
,1.17,Cd(In15Te23)2
,3.76,Cd(PS2)2
,0.72,Cd0.01Ga0.99Sb0.99Te0.01
,1.72,Cd0.01Hg0.99Se1
,0.76,Cd0.01In0.99Te0.01As0.99
,0.73,Cd0.02In0.98Te0.02As0.98
,0.71,Cd0.03In0.97Te0.03As0.97
,0.69,Cd0.04In0.96Te0.04As0.96
,0.74,Cd0.05Ga0.95Sb0.95Te0.05
,0.68,Cd0.05In0.95Te0.05As0.95
,0.68,Cd0.06In0.94Te0.06As0.94
,0.68,Cd0.07In0.93Te0.07As0.93
,0.78,Cd0.1Ga0.9Sb0.9Te0.1
,0.69,Cd0.1In0.9Te0.1As0.9
,0.06,Cd0.204Hg0.796Te1
,0.12,Cd0.23Hg0.77Te1
,0.21,Cd0.28Hg0.72Te1
,0.8,Cd0.2Ga0.8Sb0.8Te0.2
,0.42,Cd0.2In2.4Ag0.4Te4
,0.28,Cd0.35Hg0.65Te1
,0.35,Cd0.37Hg0.63Te1
,1.1,Cd0.3Hg0.7Se1
,0.27,Cd0.3Hg0.7Te1
,0.95,Cd0.4Hg0.6Se1
,0.8,Cd0.5Hg0.5Se1
,0.39,Cd0.5In2.25Ag0.25Te4
,0.19,Cd0.5In2.2Ag0.4Te4
,0.7,Cd0.6Hg0.4Se1
,0.54,Cd0.75In2.1Ag0.2Te4
,0.55,Cd0.7Hg0.3Se1
,0.45,Cd0.8Hg0.2Se1
,0.29,Cd0.8In2.1Ag0.1Te4
,1.35,Cd0.99Ga0.01Sb0.01Te0.99
,0.29,Cd0.99Hg0.01Se1
,0.35,Cd0.9Hg0.1Se1
mp-1204954,4.29,Cd12Ge17(B4O29)2
mp-703595,0.0,Cd13I28
,2.4,Cd1Se0.01S0.99
,2.23,Cd1Se0.2S0.8
,2.13,Cd1Se0.35S0.65
,2.05,Cd1Se0.45S0.55
,1.93,Cd1Se0.65S0.35
,1.68,Cd1Se0.99S0.01
,0.0,Cd2AgRh
,0.47,Cd2InAgTe3
,0.7,Cd2InCuTe3
,0.85,Cd2InCuTe4
,0.0,Cd2PbO4
,2.56,Cd3AgPS6
,3.9,Cd3Bi(PO4)3
,0.2,Cd3Bi2
,1.23,Cd3In2(Te2S)2
mp-2441,0.5,Cd3P2
,0.3,Cd3Sb2
,3.81,Cd3Te2MoO10
mp-28914,2.19,Cd4P2Br3
mp-29746,2.17,Cd4P2Cl3
mp-568545,2.17,Cd4P2I3
mp-29044,1.83,Cd4Sb2I3
,1.25,Cd4Sb3
,1.29,Cd5Ga2(Te3S)2
,0.85,Cd6P7
,3.14,Cd8B5O15F
mp-2642,0.0,CdAg
,2.49,CdAg2(PS3)2
mp-1197203,2.32,CdAg2GeS4
mp-1025294,0.0,CdAsPd5
,0.0,CdAuO2
mp-550553,3.08,CdBiClO2
mp-27934,4.47,CdBr2
mp-22881,5.7,CdCl2
mp-1195655,3.33,CdCu(SeO3)2
mp-13982,2.05,CdCu2GeS4
mp-10967,1.2,CdCu2GeSe4
mp-1078292,1.37,CdCu2SnS4
mp-16565,0.96,CdCu2SnSe4
mp-241,6.0,CdF2
,4.35,CdHIO4
mp-570838,1.45,CdHg4(AsI2)2
mp-567910,1.89,CdHg6(As2Br3)2
mp-571579,3.8,CdI2
mp-1191962,4.3,CdIClO3
,0.6,CdIn
,1.02,CdIn8Te13
,1.66,CdInCuSe3
mp-1132,2.3,CdO
,4.85,CdP4PbO12
mp-1696,0.0,CdPd
mp-1194,0.0,CdPt
mp-15638,0.0,CdRhF6
mp-567556,1.4,CdSb2Se3Br2
,3.4,CdSb4MoO10
mp-754329,3.0,CdSnO3
mp-3286,0.0,Ce(AlZn)2
mp-20908,0.0,Ce(BC)2
mp-568182,0.0,Ce(CoAs)2
mp-22165,0.0,Ce(CoB)4
mp-1006321,0.0,Ce(CuSb)2
,0.0,Ce(HO)3
,1.11,Ce(InS2)3
mp-21089,0.0,Ce(MnGe)2
mp-2965,0.0,Ce(MnSi)2
mp-607725,0.0,Ce(PPt2)2
mp-5173,0.0,Ce(SiAu)2
mp-4537,0.0,Ce(SiNi)2
mp-3826,0.0,Ce(SiPd)2
,1.25,Ce1.3Lu0.7S3
mp-1198305,1.93,Ce10Se14O
mp-28370,3.5,Ce15B8N25
,2.01,Ce1Mn0.5Se1O1
mp-18287,0.0,Ce2(SbPd3)3
,0.3,Ce2(SnSe3)3
mp-16484,0.0,Ce2Al2Co15
mp-574273,0.0,Ce2Co5B2
mp-9277,0.0,Ce2CrN3
,0.0,Ce2Cu(NO)2
mp-1078159,0.64,Ce2Fe(SeO)2
mp-654,0.0,Ce2Fe17
,1.1,Ce2Ge2Se7
,1.7,Ce2GeSe5
,0.0,Ce2S2O
mp-20973,1.12,Ce2S3
mp-22678,0.0,Ce2Sb
,1.75,Ce2Se3
mp-542664,0.0,Ce2SiSeO4
,0.0,Ce2Ti2O7
mp-574021,0.0,Ce2ZnNi2
mp-31079,0.0,Ce3(Al3Ru)4
mp-21393,0.0,Ce3Al
mp-10036,0.0,Ce3AlC
mp-680695,0.0,Ce3B2(ClO2)3
mp-606102,0.0,Ce3In3Ru2
mp-645694,1.1,Ce3LuSe6
mp-866500,0.0,Ce3MnAlS7
mp-639904,2.0,Ce3MoO7
mp-683997,0.0,Ce3NbS3O4
,0.0,Ce3Pd5
mp-569913,0.0,Ce3SiPt5
mp-558609,0.0,Ce3Ta(ClO2)3
,0.0,Ce3TaO7
mp-606703,2.3,Ce4(GeS4)3
mp-23252,0.0,Ce4Bi3
mp-579188,0.0,Ce4FeSe6O
,1.69,Ce4InSbSe9
mp-1006390,0.0,Ce4Si3Rh4
,0.5,Ce4Te7
mp-571312,0.0,Ce5(SiN3)3
,0.0,Ce5CuSe8
mp-510493,0.0,Ce5Ge3
mp-570175,0.0,Ce5Si3
mp-570060,0.0,Ce6B2(CBr)3
,1.99,Ce8Sb2S15
,0.0,Ce8U2O21
,0.0,Ce9SmO20
mp-31420,0.0,CeAgSn
,0.0,CeAl2Pd5
mp-7225,0.0,CeAl2Pt3
mp-20338,0.0,CeAl3Ni2
mp-19843,0.0,CeAlO3
mp-9400,0.0,CeAlSi2
mp-8948,0.0,CeAsPd
mp-607004,0.0,CeAsSe
mp-11593,0.0,CeB2Ir3
mp-639306,0.0,CeBC
mp-1204806,2.34,CeBiW2O9
mp-31173,0.0,CeCd2Ag
,0.0,CeCdAu2
mp-644499,0.0,CeCoGeH
mp-510560,4.85,CeF3
,0.0,CeGaO3
mp-24011,0.0,CeHSe
mp-702,0.0,CeHg
mp-20449,0.0,CeInIr
mp-30507,0.0,CeIr5
,0.0,CeLu3
mp-31175,0.0,CeMg2Ag
,0.0,CeMgAg2
mp-13435,0.0,CeMgNi4
mp-19934,0.0,CeMgPt
mp-13254,0.0,CeMgZn2
mp-1192442,2.52,CeMoO4F
mp-2493,0.7,CeN
mp-7550,0.0,CeNbO4
mp-20194,3.41,CeO2
mp-1102302,0.0,CeOs2
mp-22217,0.0,CePd5
,0.0,CePrO2
mp-1018117,0.0,CeRh
mp-680698,0.0,CeSI
,0.0,CeSbO3
mp-777413,3.2,CeScO3
mp-15653,0.0,CeSi2Ni
mp-3284,0.0,CeSi2Pt
mp-29535,0.0,CeSiI
mp-21441,0.0,CeSiIr
mp-505005,0.0,CeSiOs
,1.9,CeTaN2O
mp-638100,2.4,CeTl2P2S7
mp-20603,0.0,CeTl3
mp-1018669,0.0,CeTlZn
mp-13207,0.0,CeZnPO
,0.0,Co(PO3)4
,0.0,Co(WO4)2
,0.2,Co1Te1.88
mp-10055,0.0,Co2B4Mo
mp-1102616,0.0,Co2Ge
,0.0,Co2O3
mp-18855,3.6,Co2Te3O8
,0.0,Co3H
mp-20456,0.0,Co3Se4
mp-2157,0.0,Co3W
,0.0,Co5Ge7
,0.0,Co5RuO8
mp-567747,0.0,Co7Mo6
,0.0,Co7Re17O48
mp-452,0.4,CoAs3
mp-22546,0.0,CoAsRh
mp-553946,0.6,CoAsS
mp-505511,0.2,CoAsSe
,0.0,CoCu2Sn
mp-21237,0.0,CoGe
,0.0,CoH2(SN)4
mp-1025557,0.0,CoMoP2
mp-448,0.0,CoN
,0.0,CoOF
mp-14285,0.35,CoP2
mp-1944,0.45,CoP3
,0.4,CoPS
mp-755,0.17,CoSb2
mp-1317,0.49,CoSb3
mp-568349,0.0,Cr(FeSe2)2
mp-542188,0.0,Cr(MoS2)2
,0.0,Cr10Sb3Te7
mp-22803,0.0,Cr2CuS4
mp-22625,0.0,Cr2CuTe4
mp-19821,0.0,Cr2GeC
,0.0,Cr2HO4
mp-5602,0.0,Cr2HgSe4
mp-27512,0.0,Cr2NiS4
mp-19399,3.4,Cr2O3
,0.0,Cr2P3O11
,0.0,Cr2SbTe
,0.0,Cr3N2
,0.0,Cr3Ni(PO4)6
mp-7806,0.0,Cr3P
mp-27840,1.59,Cr3Se4
,0.0,Cr4As3
,0.0,Cr4Cu3Te8
mp-1196316,0.0,Cr7C3
mp-20717,0.0,CrAs
mp-1197022,1.8,CrB2(PbO2)6
,2.4,CrBi2I2O11
,0.0,CrCo2Bi
mp-10394,0.0,CrCoGe
mp-570863,0.0,CrCoPt2
,0.0,CrCu2Si
,0.0,CrFe2Sb
mp-21495,0.0,CrFeP
mp-504919,0.0,CrH9(CN2)3
,0.0,CrIrO4
,0.0,CrIrO6
,0.0,CrNi3
mp-4989,0.0,CrNiAs
,0.0,CrNiP2O9
mp-19177,0.23,CrO2
mp-510421,1.4,CrO3
mp-19146,2.25,CrPbO4
mp-22498,0.14,CrSb2
mp-11191,1.3,CrSi2
,0.17,CrTe2
mp-570837,0.0,Cs(AsRu)2
mp-17022,0.0,Cs(MoO3)3
,2.1,Cs0.4K0.6P1Se6
,1.0,Cs1.13Cd1.13Bi2.87Se6
,1.28,Cs1.43Cd1.43Bi2.57S6
,3.16,Cs10Cd4Sn4S17
mp-1078250,2.19,Cs2AgBiBr6
mp-1078258,2.77,Cs2AgBiCl6
mp-1019602,4.13,Cs2Al2B2O7
mp-1019605,6.31,Cs2Ba3(P2O7)2
,2.63,Cs2Cd(PSe3)2
,1.66,Cs2Cd0.25Hg5.75S7
,1.84,Cs2Cd1.35Hg4.65S7
,1.7,Cs2Cd2Bi2S5
mp-1201213,4.76,Cs2Cd3(B4O7)4
mp-567386,2.48,Cs2Cd3Te4
mp-28497,0.0,Cs2CrCl4
,2.4,Cs2Cu(PS3)3
mp-1190579,1.6,Cs2Cu2Sb2S5
,1.38,Cs2DyCu3Te4
,3.26,Cs2Ga2S5
,1.95,Cs2Ga2Se5
,2.15,Cs2Hg(ICl)2
mp-540574,2.56,Cs2Hg3I8
mp-1105419,2.8,Cs2Hg3S4
mp-17905,1.63,Cs2Hg6S7
,1.0,Cs2La1.19Bi8.81S16
mp-966802,7.3,Cs2Li3(BO2)5
mp-1195667,2.04,Cs2MgGe3Se8
mp-1195633,1.92,Cs2MgSn3Se8
,0.0,Cs2Mo15S19
mp-558211,0.0,Cs2NaCoF6
,0.0,Cs2NaMgF6
mp-554858,0.0,Cs2NaMnF6
mp-15223,2.19,Cs2NbCuSe4
,1.6,Cs2P2PdSe6
mp-31285,1.5,Cs2PdSe8
,2.4,Cs2Pt(IO3)6
,0.0,Cs2SCl6F
mp-1191118,0.62,Cs2Sb
,0.0,Cs2SeClF6
,6.53,Cs2SiB4O9
,2.06,Cs2Sn(PSe3)2
mp-1195304,2.34,Cs2Sn3(SbS5)2
mp-573763,3.5,Cs2Te
mp-23405,2.12,Cs2TeBr6
mp-540957,1.5,Cs2TeI6
mp-640389,2.8,Cs2Th(PS3)3
mp-10488,2.44,Cs2Ti(AgS2)2
mp-8684,1.77,Cs2VAgS4
,4.3,Cs2Zn3(SeO3)4
,3.33,Cs2ZnGe3S8
mp-1194749,2.31,Cs2ZnGe3Se8
,1.07,Cs2ZnGe3Te8
mp-1194701,2.12,Cs2ZnSn3Se8
,2.74,Cs39Ga53(Se16Cl)6
mp-542220,0.6,Cs3As
mp-27544,2.5,Cs3Bi2Br9
mp-669458,1.8,Cs3Bi2I9
mp-1019615,6.53,Cs3Li4(BO2)7
,0.3,Cs3NaZn2Ge21
mp-683903,1.35,Cs3Nb2AsSe11
mp-1201443,3.22,Cs3Nb9(TeO8)4
,3.27,Cs3PW3O13
mp-10378,1.6,Cs3Sb
mp-579560,2.3,Cs3Sb2Br9
mp-23029,1.89,Cs3Sb2I9
,2.96,Cs3Sn3Cl7F2
mp-541084,0.0,Cs3V2Cl9
,2.0,Cs4Ag9(SbS3)4
mp-1204289,1.02,Cs4BiAs3Se7
,1.14,Cs4Ga4Si19
mp-1195417,2.0,Cs4Ge(PSe3)4
mp-1202502,1.95,Cs4Ge5(PbS4)4
,2.2,Cs4In8GeSe16
mp-680246,2.35,Cs4Zr3S14
,1.85,Cs5Bi(PSe3)4
mp-581739,0.0,Cs5Mo21Se23
,2.17,Cs5P5Se12
,0.22,Cs6.4Na1.6Ga8Ge38
mp-866615,2.7,CsAg2AsS3
,2.04,CsAg2TeS6
mp-9206,0.65,CsAg5Te3
mp-28610,0.0,CsAgCl3
mp-554408,2.04,CsAgSb4S7
mp-2667,2.3,CsAu
mp-3977,7.42,CsB3O5
mp-23163,0.55,CsBi2
mp-567928,0.43,CsBi3Se5
mp-541378,1.39,CsBiS2
,1.07,CsBiSe2
,0.0,CsCaO3
,3.09,CsCd4Ga5S12
,2.21,CsCd4Ga5Se12
,1.67,CsCd4Ga5Te12
,1.62,CsCd4In5Se12
,1.42,CsCd4In5Te12
mp-1191636,2.58,CsCdBO3
,2.4,CsCdInSe3
mp-574426,2.4,CsCeCdSe3
mp-574472,1.94,CsCeHgSe3
,1.7,CsCu(SbS2)2
mp-1196438,2.3,CsCu2AsS3
,1.63,CsCu2SbS3
,1.99,CsDy9(Cd2Se9)2
,2.09,CsEr9(Cd2Se9)2
mp-7155,2.56,CsErZnSe3
mp-8396,0.0,CsEuF3
mp-1784,10.0,CsF
,1.87,CsGa(SnSe3)2
mp-30574,0.0,CsGa7
mp-562726,3.0,CsGaS3
,1.97,CsGaSnSe4
,0.0,CsGdO3
mp-1104469,2.13,CsGdZnTe3
,4.89,CsGe5BO12
mp-558804,5.76,CsGeB3O7
mp-28377,1.6,CsGeI3
,4.77,CsH3(SeO3)2
,2.06,CsHo9(Cd2Se9)2
,1.78,CsIn(SnSe3)2
,2.32,CsInGeSe4
mp-1194853,2.3,CsInHgS3
,0.0,CsInI3
mp-559459,3.4,CsInS2
mp-1200720,2.81,CsInSe2
,2.9,CsInSnS4
mp-1199743,2.16,CsInTe2
mp-1192413,3.9,CsInTe3O8
,0.0,CsIr
,0.0,CsIrO3
,2.36,CsK(PSe4)2
mp-11124,2.46,CsLaHgSe3
mp-1019715,6.89,CsLi(B3O5)2
,6.19,CsLiCO3
mp-1202825,1.86,CsLu7S11
mp-1203743,1.78,CsLu7Se11
,0.0,CsMg149
,1.55,CsMn4Ga5Te12
,1.79,CsMn4In5Se12
,1.48,CsMn4In5Te12
mp-510378,0.0,CsMnSb
,0.8,CsNa2Sb
,4.67,CsNa8(B7O12)3
mp-570455,0.0,CsNb6I11
,4.2,CsNbSe2O7
mp-1181552,0.0,CsNi2F6
mp-1192530,4.39,CsPPbO4
,2.44,CsPSe4
mp-1194666,1.9,CsPSe6
,2.41,CsRb(PSe4)2
,1.5,CsRb2Sb
,0.0,CsRbP
mp-1195448,4.68,CsSb(SO4)2
mp-561639,2.8,CsSbS2
mp-2969,1.7,CsSbSe2
,0.43,CsSbTe2
mp-1194629,5.2,CsSc(SeO3)2
,0.0,CsScBr3
mp-510062,2.45,CsSmCdSe3
mp-7212,2.37,CsSmHgSe3
,0.0,CsSn3
,3.88,CsTa3(SeO6)2
,2.29,CsTaPSe6
,1.95,CsTb9(Cd2Se9)2
mp-638078,2.12,CsTbZnTe3
mp-28283,0.0,CsTiCl3
mp-504701,0.0,CsTiF4
,2.16,CsTm9(Cd2Se9)2
mp-13348,0.0,CsUCuS3
mp-12324,0.0,CsVP2S7
mp-30974,0.0,CsWCl6
mp-11116,2.54,CsYCdSe3
mp-11123,2.54,CsYHgSe3
,3.4,CsYTe3O8
mp-542948,0.95,CsYbCoSe3
,1.59,CsYbMnSe3
mp-1195000,5.69,CsZn2B3O7
,1.61,CsZn4In5Se12
,1.61,CsZn4In5Te12
,2.0,CsZrPSe6
mp-15065,0.0,Cu(IrS2)2
mp-640926,0.0,Cu(NO3)2
,1.48,Cu0.5Ge1Pb1.75S4
,0.68,Cu0.96Bi2Se3I1
mp-542333,2.3,Cu1.8S1
mp-2004,0.0,Cu10Sb3
,0.0,Cu11Sb4S13
mp-14266,0.0,Cu15Si4
,0.0,Cu18S11
,0.0,Cu23(Sb4S13)2
,0.0,Cu25Se26
mp-1072589,0.53,Cu2GeS3
mp-1181662,0.0,Cu2H3ClO3
mp-6820,0.0,Cu2Hg2SF6
mp-12855,0.0,Cu2HgGeSe4
mp-361,2.58,Cu2O
,0.0,Cu2OF2
mp-510654,0.0,Cu2PHO5
mp-1825,0.0,Cu2Sb
mp-17598,2.64,Cu2Te3O8
,1.65,Cu2WSe4
,0.0,Cu3(BiI4)4
mp-1190666,0.0,Cu3(P2O7)2
,0.72,Cu3Bi6S10I
mp-1194777,2.56,Cu3Hg2(Te3O8)2
mp-580357,0.0,Cu3Pd
mp-9814,0.31,Cu3SbSe4
mp-557136,0.0,Cu3Se2(ClO3)2
mp-21770,0.0,Cu4As2O9
mp-707201,0.0,Cu4H10SO12
mp-30594,0.0,Cu4Pd
,0.8,Cu4Sn7S16
,0.0,Cu4W(SCl)4
mp-1200185,0.0,Cu5(Si2O7)2
,0.0,Cu6PbO8
mp-1192989,0.0,Cu7Hg6
mp-704745,0.0,Cu8O
,0.0,Cu9O13
mp-542333,0.0,Cu9S5
mp-558647,0.0,Cu9Se4(Cl3O7)2
mp-12954,3.61,CuBS2
mp-569715,1.2,CuBi(PSe3)2
mp-624191,0.12,CuBiPbS3
,0.07,CuBiPbSe3
,1.07,CuBiSO
mp-23116,0.82,CuBiSeO
mp-3421,0.0,CuCN2
,0.0,CuClO2
,0.0,CuF
mp-1194904,3.25,CuHg(SeO3)2
mp-619545,0.0,CuMoO4
,4.17,CuN3
,2.7,CuNi(CN)4
,0.0,CuP2(HO3)2
,0.0,CuPO4F
mp-1105187,2.2,CuPS3
mp-1018029,0.0,CuPd
,0.0,CuPtO2
mp-649774,1.31,CuSbPbS3
mp-4468,1.38,CuSbS2
mp-20331,1.05,CuSbSe2
mp-560049,0.0,CuSeO3
mp-984726,0.0,Dy(Al2Cu)4
mp-19771,0.0,Dy(CoGe)2
,0.2,Dy(CuSe)3
mp-2917,0.0,Dy(CuSi)2
,0.34,Dy(CuTe)3
mp-21082,0.0,Dy(GeRu)2
,1.22,Dy(InS2)3
mp-567858,0.0,Dy12C6I17
mp-573622,0.0,Dy12Co7
,0.6,Dy1Te1.4
,0.6,Dy1Te1.45
,0.35,Dy1Te1.7
mp-641314,0.0,Dy2(GePt3)3
,1.92,Dy2(MoO4)3
mp-13431,0.0,Dy2AlCo2
mp-12574,0.0,Dy2C
mp-12977,0.0,Dy2CdPd2
,0.0,Dy2CuOs
,0.0,Dy2MgIn
,0.0,Dy2MgTl
mp-864836,0.0,Dy2Ni12P7
mp-2345,5.0,Dy2O3
mp-1270,2.91,Dy2S3
mp-568064,0.0,Dy2Sn5
mp-1188427,0.69,Dy2Te3
mp-19950,0.0,Dy2Ti3Si4
,0.0,Dy2TlCd
,0.0,Dy2ZnIn
mp-22039,0.0,Dy3(CuGe)4
,2.22,Dy3Al0.5Si1S7
,0.0,Dy3Ga
mp-1189242,2.81,Dy3GaS6
mp-19881,0.0,Dy3InC
mp-14356,0.0,Dy3MnB7
mp-570768,0.0,Dy4CdRh
mp-1196712,2.58,Dy4GaSbS9
mp-1927,0.0,Dy4Sb3
mp-1095296,1.43,Dy4Te3S4
mp-569760,0.0,Dy5Pb3
mp-30623,0.0,Dy5Sn3
mp-10516,0.0,Dy6FeTe2
mp-641778,0.0,Dy7In(CoGe3)4
mp-2167,0.0,DyAg
mp-567574,0.0,DyAgGe
,0.0,DyAgHg2
mp-2627,1.0,DyAs
mp-571041,0.0,DyB2Rh2C
mp-568319,3.3,DyB6
mp-10060,0.0,DyBPd3
mp-1009543,0.0,DyBiPd
mp-30453,0.0,DyBiPt
mp-11294,0.0,DyCd2
mp-8742,0.0,DyCoSi2
mp-22698,0.0,DyFeSi
mp-20122,0.0,DyGe
mp-22177,0.0,DyInAu
mp-22680,0.0,DyInCu2
mp-1078790,0.0,DyInPt2
mp-1358,0.0,DyIr2
mp-1102404,0.0,DyMn2
mp-638084,0.0,DyNiGe2
mp-510152,0.0,DyNiSn
mp-5767,6.38,DyPO4
mp-232,0.0,DyRh
mp-1018675,0.0,DyS2
mp-20281,0.0,DySiIr
mp-570860,0.0,DySn3
,0.0,DySnRu2
,0.0,DyYAg2
mp-1018682,0.0,DyZnGa
,0.0,DyZnRh2
,0.0,DyZrRu2
mp-5068,0.0,DyZrSb
mp-680636,0.0,Er(Al10Cr)2
mp-12082,0.0,Er(CrSi)2
mp-5083,0.0,Er(CuGe)2
mp-640885,0.24,Er(CuTe)3
,1.28,Er(InS2)3
,0.0,Er(ReO4)2
mp-3218,0.0,Er(SiPd)2
mp-866685,0.0,Er2(Ga3Co)3
,0.96,Er2(MoO4)3
mp-9544,0.0,Er2C3
mp-3680,0.0,Er2Fe14B
mp-1018684,0.0,Er2Mg3Ru
mp-9267,0.0,Er2MnC4
mp-679,5.42,Er2O3
mp-209,1.66,Er2Se3
mp-31143,0.0,Er2SnAu2
mp-14643,0.9,Er2Te3
mp-12388,0.0,Er3Al3NiGe2
,0.0,Er3SnC
,0.9,Er3Te4
mp-504627,0.0,Er4NiB13
mp-31466,0.0,Er5Bi3
mp-570864,0.0,Er5NiPb3
mp-31167,0.0,Er5Si3
mp-23039,0.0,Er6MnBi2
mp-569724,0.0,ErAgSn
mp-569739,0.0,ErAl9(Fe2Si3)2
mp-1024985,0.0,ErAlGe
mp-5197,0.0,ErB2Ir3
mp-3093,0.0,ErB2Ru3
mp-1296,3.5,ErB6
mp-10061,0.0,ErBPd3
mp-1198777,3.26,ErBiW2O9
mp-1955,0.0,ErCu
mp-16751,0.0,ErCuPb
mp-1018064,0.0,ErFeC2
mp-11369,0.0,ErHg2
,0.0,ErLu3
mp-30607,0.0,ErMg2
mp-1025001,0.0,ErNi4Au
mp-12965,0.0,ErNi4B
mp-622620,0.0,ErNiSn
mp-30377,0.0,ErPbAu
,0.0,ErRu3
mp-9978,1.07,ErSe2
mp-17093,0.0,ErSiPd
mp-5640,0.0,ErSnAu
mp-1280,0.9,ErTe
mp-30609,0.0,ErTlPd
mp-30614,0.0,ErZn12
mp-13485,0.0,Eu(AlAu)2
mp-1069444,0.0,Eu(AsPd)2
mp-1193071,1.02,Eu(BiSe2)2
,0.44,Eu(BiTe2)2
mp-19774,0.0,Eu(CdSb)2
mp-627640,0.0,Eu(ClO4)3
mp-645690,1.8,Eu(DySe2)2
mp-1193984,1.7,Eu(ErSe2)2
mp-582357,0.0,Eu(FeSi)2
mp-1181942,2.25,Eu(GaS2)2
mp-1201775,2.16,Eu(GaSe2)2
mp-1103807,1.7,Eu(GaTe2)2
mp-1193885,1.8,Eu(HoSe2)2
,0.0,Eu(InAs)2
mp-1105168,1.5,Eu(InS2)2
mp-1104657,1.31,Eu(InSe2)2
,1.22,Eu(InTe2)2
mp-645692,1.7,Eu(LuSe2)2
mp-1006146,0.0,Eu(MgBi)2
mp-672298,0.0,Eu(MnGe)2
mp-580731,0.0,Eu(Ni2B)6
mp-6992,0.0,Eu(NiAs)2
mp-20802,0.0,Eu(POs)2
mp-1194437,1.2,Eu(SbS2)2
mp-1192961,0.95,Eu(SbSe2)2
mp-542964,1.8,Eu(TmSe2)2
mp-19808,0.0,Eu(ZnGe)2
mp-22133,0.0,Eu(ZnSi)2
,2.14,Eu1.75Ag0.5Ge1S4
,0.23,Eu1.83Ta15O32
mp-645591,0.0,Eu2(Ga3Rh)3
mp-22234,0.0,Eu2C(NO)2
mp-22306,0.0,Eu2CuO4
mp-1192354,2.3,Eu2Ga2GeS7
mp-1019739,0.0,Eu2Ge(BO4)2
mp-1182469,4.5,Eu2O3
mp-613052,0.0,Eu2PBr
mp-20209,0.0,Eu2ReO5
mp-1189540,1.02,Eu2Se3
,1.07,Eu2SnSe5
mp-19897,0.0,Eu2TeO2
mp-1188263,0.45,Eu3(InP2)2
,0.6,Eu3As2
mp-556626,0.0,Eu3BWO9
,1.18,Eu3Bi4S9
,1.2,Eu3P2
mp-1103738,1.7,Eu3S4
mp-684111,1.2,Eu3Sb4S9
mp-1200385,1.08,Eu3Sb4Se9
,0.58,Eu3Se4
,0.0,Eu3Sn
,0.31,Eu4Te7
,0.6,Eu7(Ga3Sb4)2
mp-22707,0.0,EuAgSb
mp-1019732,2.74,EuAl2O4
mp-21455,0.0,EuAlO3
,3.46,EuB(SbO4)2
,0.0,EuBi3
,3.63,EuBiW2O9
mp-583684,0.0,EuCd11
mp-542757,0.0,EuClO
mp-583224,0.0,EuCo8P5
mp-555984,1.85,EuCu2SnS4
mp-568497,0.0,EuCu9Sn4
mp-21356,0.0,EuCuSeF
mp-510596,0.0,EuCuSeO
mp-19908,0.0,EuF3
mp-19763,0.0,EuGe3Pt
mp-1102496,1.85,EuH2
mp-1095411,0.26,EuIn2(GeIr)4
mp-20340,1.25,EuN
mp-974769,0.0,EuNiGe3
mp-21394,1.12,EuO
mp-672290,0.0,EuPPt
mp-1018147,0.0,EuPd
mp-19801,0.0,EuRhO3
mp-20587,1.65,EuS
,0.98,EuSb4S7
,0.54,EuSb4Te7
,0.0,EuSbO3
mp-22487,0.0,EuScO3
mp-21009,3.1,EuSe
mp-639138,0.0,EuSeClO3
mp-20387,0.0,EuSn3
,0.0,EuSnAu2
,0.0,EuSnO3
,0.6,EuSnTe2
mp-555860,0.0,EuTiClO3
mp-1079111,0.0,EuTiO3
mp-542584,0.0,EuTl
mp-1261,0.0,EuZn
mp-12466,0.0,Fe(PdSe)2
,0.0,Fe10O9F11
mp-17977,0.0,Fe12As5
mp-1197728,3.52,Fe2B(PO4)3
,0.0,Fe2Cu(PO4)3
,0.0,Fe2O2F3
mp-19770,2.2,Fe2O3
,0.0,Fe2S
mp-973682,0.0,Fe3B
mp-1804,0.0,Fe3N
mp-2199,0.0,Fe3Si
,2.3,Fe4H15(IO8)3
,0.0,Fe4O7F
mp-628588,0.0,Fe4Si2Sn7O16
,0.0,Fe6O7F5
mp-624243,0.0,Fe6W6C
,0.0,Fe9Co7
,0.0,FeAg3(CN)6
,0.23,FeAgSe2
,0.0,FeAs2O7
mp-1101894,0.6,FeAsSe
mp-1197024,2.54,FeBi(SeO3)3
,2.8,FeBi25O39
mp-5436,0.0,FeCo2Si
,0.0,FeCoAs
mp-505244,0.15,FeCuSe2
,0.16,FeCuTe2
mp-571122,5.15,FeI2
,0.0,FeOF
mp-1005,0.0,FeP
mp-570553,0.32,FeP4
mp-1101971,0.25,FePS
mp-21845,0.0,FePd3
,0.0,FeRhO3
mp-21260,0.0,FeSn
,1.22,Ga1As0.1P0.9
,0.3,Ga0.001Te1Pb0.999
,0.37,Ga0.005Te1Pb0.995
,0.42,Ga0.01Te1Pb0.99
,0.37,Ga0.04Te1Pb0.96
,0.34,Ga0.07Te1Pb0.93
,0.69,Ga0.95Hg0.05Sb0.95Te0.05
,0.72,Ga0.99Hg0.01Sb0.99Te0.01
,0.65,Ga0.9Hg0.1Sb0.9Te0.1
,0.71,Ga1.001Sb0.999Se0.003
,0.72,Ga1.001Sb0.999Te0.003
,0.7,Ga1.002Sb0.998Se0.006
,0.7,Ga1.002Sb0.998Te0.006
,0.64,Ga1.005Sb0.995Se0.015
,0.68,Ga1.005Sb0.995Te0.015
,1.59,Ga1.01Cu0.99Se2.01
,0.62,Ga1.01Sb0.99Se0.03
,0.68,Ga1.01Sb0.99Te0.03
,0.63,Ga1.02Sb0.98Se0.06
,0.68,Ga1.02Sb0.98Te0.06
,0.66,Ga1.05Sb0.95Se0.15
,0.68,Ga1.05Sb0.95Te0.15
,1.59,Ga1.1Cu0.9Se2.1
,0.67,Ga1.1Sb0.9Se0.3
,0.7,Ga1.1Sb0.9Te0.3
,1.58,Ga1.2Cu0.8Se2.2
,2.43,Ga1.5Cu0.5S2.5
,1.76,Ga1.5Cu0.5Se2.5
,2.53,Ga1.65Cu0.35S2.65
,1.81,Ga1.65Cu0.35Se2.65
,2.45,Ga1.6Cu0.4S2.6
,2.55,Ga1.7Cu0.3S2.7
,1.92,Ga1.85Cu0.15Se2.85
,2.65,Ga1.8Cu0.2S2.8
,1.86,Ga1.8Cu0.2Se2.8
,2.64,Ga1.95Cu0.05S2.95
,1.96,Ga1.95Cu0.05Se2.95
,1.99,Ga1.99Cu0.01Se2.99
,2.6,Ga1.9Cu0.1S2.9
,2.23,Ga1As0.01P0.99
,2.2,Ga1As0.2P0.8
,2.16,Ga1As0.3P0.7
,2.1,Ga1As0.4P0.6
,2.0,Ga1As0.5P0.5
,1.91,Ga1As0.6P0.4
,1.8,Ga1As0.7P0.3
,1.62,Ga1As0.8P0.2
,1.37,Ga1As0.99P0.01
,1.5,Ga1As0.9P0.1
,0.7,Ga1Sb0.01As0.99
,0.66,Ga1Sb0.14As0.86
,0.65,Ga1Sb0.25As0.75
,0.68,Ga1Sb0.35As0.65
,0.67,Ga1Sb0.3As0.7
,1.1,Ga1Sb0.85As0.15
,1.02,Ga1Sb0.8As0.2
,1.28,Ga1Sb0.95As0.05
,1.37,Ga1Sb0.99As0.01
,4.14,Ga2(TeO3)3
,2.42,Ga2Cu1S3.5
,0.63,Ga2CuSe4
,1.96,Ga2GePbSe6
,0.84,Ga2GeTe3
mp-4809,2.79,Ga2HgS4
mp-4730,1.95,Ga2HgSe4
mp-6959,0.0,Ga2NiS4
mp-1196984,2.38,Ga2PbS4
mp-571171,1.83,Ga2PbSe4
mp-539,2.8,Ga2S3
mp-1196063,4.61,Ga2Se2O7
,2.35,Ga2Si(AgS3)2
,2.17,Ga2SiPbSe6
mp-1194838,2.04,Ga2SnGeS6
,1.09,Ga3CuTe5
mp-21400,0.0,Ga3Pt2
,2.3,Ga3SiAg3Se8
,1.08,Ga4Cu2Te7
,3.08,Ga4PbS7
,3.1,Ga4SnS7
,2.55,Ga4SnSe7
,2.35,Ga5Ge(PbS3)4
,1.91,Ga5Ge(PbSe3)4
mp-31485,0.0,Ga5Pd13
mp-567502,0.0,Ga8Cu3Mo2
mp-31312,0.0,Ga9Rh2
,2.17,GaAgGe3Se8
,2.14,GaAgGe5Se12
,3.0,GaAgGeS4
mp-1105293,2.2,GaAgO2
mp-4899,1.1,GaAgTe2
,0.0,GaAs2W
,0.1,GaBi
,2.99,GaBi25O39
,1.38,GaCuGeSe4
mp-4280,1.47,GaCuO2
mp-19870,0.0,GaFe3
,0.0,GaFeNi2
mp-8211,1.1,GaGeTe
mp-1194398,5.51,GaHSeO4
mp-2490,2.74,GaP
,2.63,GaSiAgSe4
,0.0,GaSiRu2
,1.42,GaTc
,0.0,GaTc2W
,1.62,Gd(CuS)3
,0.14,Gd(CuSe)3
,0.52,Gd(CuTe)3
,1.13,Gd(InS2)3
mp-646399,0.0,Gd(NiGe)2
mp-569302,0.0,Gd(SiRu)2
,1.2,Gd1.05Sc0.95Se3
,1.75,Gd1.47Mn2.04In0.49S5
,1.56,Gd1.87Lu2.13Se6
,1.66,Gd1Mn1.95In1.05S5
mp-582406,0.0,Gd2(Zn2Ge)3
mp-637222,0.0,Gd2AlCo2
,1.44,Gd2Mn4S7
mp-504886,5.3,Gd2O3
mp-608146,2.55,Gd2S3
mp-1188175,2.2,Gd2Se3
mp-1105966,0.74,Gd2Te3
mp-542437,0.0,Gd2Zn17
mp-1200036,1.88,Gd2ZrS5
mp-580327,0.0,Gd3(AlNi3)2
,1.5,Gd3.04Sc0.96S6
,2.34,Gd3Al0.74Si0.7S7
mp-637182,0.0,Gd3Al7Ag2
mp-605854,0.0,Gd3Co11B4
mp-31101,0.0,Gd3ReO7
mp-20036,0.0,Gd3S4
mp-1199284,2.41,Gd4GaSbS9
,2.2,Gd6Ge2.5S14
mp-680956,0.0,Gd6Ta4Al43
mp-510374,0.63,GdAs
,3.48,GdB(SbO4)2
mp-22266,3.6,GdB6
,1.27,GdB66
mp-20965,0.0,GdCd2
,3.8,GdCd4B3O10
mp-19714,0.0,GdGeRu
,4.84,GdH2NO5
mp-19745,0.0,GdInIr
mp-940,1.54,GdN
mp-505604,0.0,GdNiO3
mp-21149,0.0,GdO2
mp-20415,0.0,GdPbAu
mp-510403,0.0,GdSb
mp-21061,0.0,GdSbPd
mp-510490,2.1,GdScS3
mp-1018707,0.0,GdSe2
mp-574283,1.3,GdTe
mp-2497,0.0,GdZn
mp-1018711,0.0,GdZnIn
mp-23352,3.25,Ge(Bi3O5)4
mp-1205339,5.27,Ge(SeO3)2
,0.0,Ge(WO3)6
,0.27,Ge0.01Pb0.99Se1
,0.23,Ge0.01Te0.01Pb0.99Se0.99
,0.32,Ge0.01Te0.99Pb0.99S0.01
,0.32,Ge0.01Te1Pb0.99
,0.34,Ge0.02Te0.98Pb0.98S0.02
,0.28,Ge0.03Pb0.97Se0.97S0.03
,0.29,Ge0.05Pb0.95Se0.95S0.05
,0.28,Ge0.05Pb0.95Se1
,0.4,Ge0.05Te0.95Pb0.95S0.05
,0.34,Ge0.05Te1Pb0.95
,0.28,Ge0.06Te0.06Pb0.94Se0.94
,0.34,Ge0.15Pb0.85Se0.85S0.15
,0.32,Ge0.15Te0.15Pb0.85Se0.85
,0.36,Ge0.15Te1Pb0.85
,0.32,Ge0.1Pb0.9Se0.9S0.1
,0.3,Ge0.1Pb0.9Se1
,0.35,Ge0.1Te1Pb0.9
,0.44,Ge0.25Te1Pb0.75
,0.35,Ge0.2Pb0.8Se1
,0.36,Ge0.2Te0.2Pb0.8Se0.8
,0.4,Ge0.2Te1Pb0.8
,0.56,Ge0.39Te1Pb0.61
,0.4,Ge0.3Pb0.7Se1
,0.48,Ge0.3Te1Pb0.7
,0.49,Ge0.41Te1Pb0.59
,0.51,Ge0.4Te1Pb0.6
mp-10032,0.0,Ge2Os
mp-3534,0.5,Ge2Sb2Te5
,3.3,Ge3Bi3O10.5
,0.0,Ge3Sb
,0.8,Ge40Te5.3I8
mp-28487,0.0,Ge5(Te4As)2
,0.0,GeAs3
mp-27922,1.5,GeI2
mp-733,5.54,GeO2
mp-1095275,0.95,GeP
mp-1198509,4.1,GePb2(SeO3)4
mp-624190,2.4,GePbS3
mp-20061,0.0,GePt2
mp-22239,0.0,GeRh
,0.3,GeTe2
,0.0,H2Se
mp-24354,4.81,H7Se2NO6
,0.0,HPbI3
mp-571367,0.0,Hf(CoSi)2
mp-15986,0.0,Hf(CuP)2
mp-1025167,0.0,Hf(VGa2)2
mp-976724,0.0,Hf(VH2)2
,0.0,Hf2Al3C4
mp-18581,0.0,Hf2Co4P3
mp-2754,0.0,Hf2Fe
mp-9939,0.0,Hf2Ge
mp-1018154,0.0,Hf2Hg
,0.0,Hf2MnIr
mp-861,0.0,Hf2Ni
,0.0,Hf2OsPd
,0.0,Hf2ReRh
mp-10000,0.0,Hf2S
mp-9938,0.0,Hf2Si
,0.0,Hf2Tl
mp-10245,0.0,Hf3(CuSi)4
mp-10076,0.0,Hf3(NiGe)4
mp-504812,0.0,Hf3P
mp-29811,0.0,Hf3P3Pd4
mp-15964,0.0,Hf3Sb
mp-722913,0.0,Hf3Zn3N
mp-1025223,0.0,Hf4Al3
mp-976184,0.0,Hf4Co4Si7
mp-568048,0.0,Hf54Os17
mp-607409,0.0,Hf5CuPb3
,0.0,Hf5Pb
mp-17466,0.0,Hf5Sb3
mp-570870,0.0,Hf5Sb9
mp-17216,0.0,Hf5Si4
mp-21104,0.0,Hf5Sn3
mp-510691,0.0,Hf5Sn4
mp-12884,0.0,Hf5Te4
,0.0,Hf6PbO18
mp-18622,0.0,Hf7P4
mp-16501,0.0,HfAlPd2
mp-29646,0.0,HfAs2
,0.0,HfAsRh
,0.0,HfB
mp-13861,0.0,HfB4Ir3
mp-21075,0.0,HfC
mp-7804,0.0,HfCo3B2
mp-333,0.0,HfFe2
mp-3576,0.0,HfGaCo2
mp-1198529,2.47,HfHg4(AsCl3)2
mp-1202310,3.26,HfHg4(PCl3)2
mp-600125,0.0,HfInCu2
mp-569516,0.0,HfNi5
mp-352,5.55,HfO2
mp-570960,0.0,HfOs2
mp-1007691,0.0,HfPt
mp-985829,2.9,HfS2
mp-985831,2.2,HfSe2
mp-1042,0.0,HfSi
mp-10456,0.0,HfSiPt
mp-11460,0.0,HfTc
,0.0,HfTiF6
,0.0,HfTl3
mp-1018720,0.0,HfVSi
,0.0,HfZnNi2
mp-11870,0.0,Hg2Rh
mp-557697,0.0,Hg2Sb2O7
,0.0,Hg3As
mp-1104411,3.26,Hg3Bi2(SCl4)2
mp-1192395,2.8,Hg3Bi2(TeCl4)2
,0.0,Hg3C
,1.98,Hg3PS3
,2.03,Hg3PS4
,0.0,Hg3Sb
,1.57,Hg5AsS2I3
,1.73,Hg7.5As4Cl6
,2.43,Hg8Bi3As4Cl13
mp-23177,2.6,HgBr
mp-23292,3.59,HgBr2
,3.4,HgBrCl
mp-22855,4.45,HgCl2
mp-22859,2.37,HgI
,0.0,HgIrO3
,0.0,HgOsPb2
mp-27178,2.6,HgPS3
mp-623,0.0,HgPt
mp-1066522,0.0,HgPt3
,0.0,HgRhO3
mp-1123,2.1,HgS
mp-2730,0.15,HgTe
,2.06,HgTeBr
,1.85,HgTeI
mp-20410,0.0,Ho(BC)2
,0.0,Ho(BiO3)2
,0.0,Ho(CuO2)2
,0.16,Ho(CuSe)3
,0.26,Ho(CuTe)3
,1.23,Ho(InS2)3
mp-20630,0.0,Ho(MnSn)6
mp-31009,0.0,Ho(NiB)2
,0.0,Ho(SbO3)2
mp-5219,0.0,Ho(SiOs)2
mp-4148,0.0,Ho(SiPd)2
mp-16377,0.0,Ho(SiPt)2
mp-5720,0.0,Ho(SiRu)2
mp-569851,0.0,Ho10Si17
mp-30385,0.0,Ho2Au
,0.0,Ho2B4C
mp-1023,0.0,Ho2Co17
,0.0,Ho2CuRh
mp-17534,0.0,Ho2Ge5Rh3
,2.5,Ho2GeS5
mp-1195954,1.0,Ho2HfS5
mp-812,5.42,Ho2O3
mp-31089,0.0,Ho2Pd2Pb
mp-878,0.5,Ho2S3
mp-29677,0.0,Ho3AlC
,0.0,Ho3GaC
mp-542748,0.0,Ho3Ge5
,0.0,Ho3Hg
mp-28151,0.0,Ho3Ni19B10
,0.0,Ho3P
,0.0,Ho3Pd2
mp-1154,0.0,Ho4C7
mp-978039,0.0,Ho4Ga16Co3
mp-21816,0.0,Ho5(Ge5Rh2)2
mp-542829,0.0,Ho5Si4
,0.0,HoAlAu2
mp-569726,0.0,HoAlB14
mp-1025027,0.0,HoB2Rh3
mp-569281,0.0,HoB4
mp-1423,0.0,HoC2
mp-170,0.0,HoCd
mp-11302,0.0,HoCd3
mp-12007,0.0,HoCdCu4
mp-30558,0.0,HoCo3
,0.0,HoCu4Pd
mp-16342,0.0,HoGe
mp-5519,0.0,HoGeAu
mp-30388,0.0,HoInAu2
mp-21290,0.0,HoInPt
mp-13499,0.0,HoMg2
,0.0,HoMgAu2
,0.0,HoMgZn2
mp-14015,0.0,HoMn12
mp-542171,0.0,HoNiGe
,0.0,HoSb2
mp-12899,0.0,HoSi
mp-570102,0.0,HoSiRu2C
,0.0,HoTh3
mp-22108,0.0,HoTiGe
,0.0,HoTiO3
mp-22274,0.0,HoTiSi
mp-30732,0.0,HoTlPd
mp-13380,0.0,HoZnRh
,0.0,HoZnRh2
,0.0,ICl2
mp-20152,0.0,In(MoSe)3
,1.29,In(PSe2)2
,0.3,In0.001Te1Pb0.999
,0.43,In0.005Te1Pb0.995
,1.43,In0.01Ga0.99As0.99P0.01
,1.4,In0.01Ga0.99As1
,0.53,In0.01Te1Pb0.99
,0.37,In0.04Te1Pb0.96
,0.32,In0.07Te1Pb0.93
,2.25,In0.1Ga0.9As0.1P0.9
,1.6,In0.1Ga0.9As0.9P0.1
,2.15,In0.2Ga0.8As0.2P0.8
,1.58,In0.2Ga0.8As0.8P0.2
,1.07,In0.2Ga0.8As1
,2.05,In0.3Ga0.7As0.3P0.7
,1.67,In0.3Ga0.7As0.7P0.3
,1.0,In0.3Ga0.7As1
,2.2,In0.3Ga0.7P1
,1.85,In0.4Ga0.6As0.4P0.6
,1.74,In0.4Ga0.6As0.6P0.4
,0.81,In0.4Ga0.6As1
,2.05,In0.4Ga0.6P1
,2.15,In0.4Ga1.6Cu1S3.5
,0.75,In0.5Ga0.5As1
,1.9,In0.5Ga0.5P1
,1.25,In0.6Ga0.4As0.6P0.4
,0.55,In0.72Ga0.28As1
,1.58,In0.7Ga0.3As0.3P0.7
,1.4,In0.8Ga0.2As0.2P0.8
,0.85,In0.8Ga0.2As0.8P0.2
,0.5,In0.8Ga0.2As1
,1.3,In0.99Ga0.01As0.01P0.99
,0.3,In0.99Ga0.01As0.99P0.01
,1.32,In0.9Ga0.1As0.1P0.9
,0.45,In0.9Ga0.1As0.9P0.1
,1.08,In1.01Cu0.99Se2.01
,1.07,In1.05Cu0.95Se2.05
,1.06,In1.1Cu0.9Se2.1
,1.1,In1.3Cu0.7Se2.3
,1.24,In1.5Cu0.5Se2.5
,1.19,In1.65Cu0.35Se2.65
,1.32,In1.6Cu0.4Se2.6
,1.55,In1.6Ga0.4Cu1S3.5
,1.21,In1.7Cu0.3Se2.7
,1.32,In1.85Cu0.15Se2.85
,1.26,In1.8Cu0.2Se2.8
,1.45,In1.99Cu0.01Se2.99
,1.45,In1.9Cu0.1Se2.9
,1.45,In11.3Bi14.7S38
,0.0,In11Cu9Se20
,0.94,In1Ag1.75Sb5.75Se11
,1.84,In1Ga1Cu1S3.5
,1.71,In1Hg4As2.5Br3.5
,0.17,In1Sb0.01As0.99
,0.14,In1Sb0.1As0.9
,0.12,In1Sb0.2As0.8
,0.11,In1Sb0.3As0.7
,0.1,In1Sb0.4As0.6
,0.1,In1Sb0.5As0.5
,0.13,In1Sb0.6As0.4
,0.16,In1Sb0.7As0.3
,0.21,In1Sb0.8As0.2
,0.35,In1Sb0.99As0.01
,0.27,In1Sb0.9As0.1
mp-1191856,4.62,In2As2Cl2O5
mp-1198577,5.39,In2B(PO4)3
mp-1198248,1.38,In2Bi3Se7I
mp-20296,0.0,In2Co
,1.43,In2Cu1S3.5
,1.15,In2FeSe4
,0.68,In2GeTe3
,3.13,In2Hg6(P2Cl3)3
mp-22356,2.0,In2HgS4
mp-20731,0.6,In2HgSe4
mp-22598,2.8,In2O3
mp-22682,0.0,In2Pt
mp-22216,2.0,In2S3
mp-1199125,2.97,In2Se2O7
,0.46,In2Te
,0.68,In3AgTe5
mp-510099,0.0,In3Au10
mp-651005,0.0,In3Bi7(Pb2S9)2
,1.2,In3CuS5
,0.6,In3CuSe5
mp-22146,0.0,In3Pd5
,0.0,In3Sb
mp-1200791,4.22,In4As5(BrO4)3
,1.42,In4Bi3S10
,1.1,In4Cu2Te7
,0.9,In4S5
mp-19932,0.64,In4Se3
,1.76,In5AgS8
mp-569813,0.47,In5AgTe8
,1.34,In5CuS8
,0.14,In5Se6
,1.5,In9AgTe14
mp-30343,0.0,InAg3
mp-22660,4.2,InAgO2
mp-22386,0.93,InAgTe2
,0.41,InAsI
mp-569683,0.0,InAu3
,1.5,InBi2S4Br
mp-559521,1.5,InBi2S4Cl
mp-571169,1.21,InBi2Se4Br
,1.3,InCuGeSe4
mp-22736,1.5,InCuS2
mp-22611,0.0,InFe2CuSe4
mp-1196151,2.54,InHg7S6Cl5
,0.0,InHgW2
mp-20790,3.12,InPS4
mp-510438,0.0,InPt
,0.0,InPt3C
mp-559864,1.8,InSb2S4Br
mp-556541,1.8,InSb2S4Cl
mp-570321,1.35,InSb2Se4Br
,0.0,InSiIr
mp-567931,0.0,InSiTe3
,0.2,InSn2As2Se
,0.26,InSnAsSe
,2.0,Ir0.67S2
,0.45,Ir0.67Se2
,0.0,IrPb
mp-2833,0.9,IrS2
mp-1361,0.9,IrSe2
,1.2,IrSeS
mp-4668,0.0,K(CoSe)2
mp-35276,0.0,K(FeAs)2
mp-639900,1.8,K(GeSe2)2
mp-554461,0.0,K(OsO3)2
,2.78,K0.8Sn2Hg1.2S8
,0.53,K1.25Bi7.25Pb3.5Se15
,0.39,K1.46Sn3.09Bi7.45Se15
,1.37,K1.83Cd1.83Bi2.17S6
,2.2,K10Fe4Sn4S17
,2.3,K10Mn4Sn4S17
,1.82,K10Sn3(PSe3)8
,3.34,K10Zn4Ge4S17
,0.0,K11Mn4O16
,0.6,K2.15Sb8.15Pb1.7Se15
,2.2,K2Ag3Sb3S7
,1.8,K2AgSnSe4
mp-560217,6.89,K2Al2B2O7
mp-1195201,2.65,K2Au(IO3)5
,0.0,K2B10H9O
,1.77,K2BaNb2S11
,2.58,K2Cd(PSe3)2
mp-571637,1.93,K2Cd2Te3
mp-18101,2.75,K2Cd3S4
mp-1198419,2.36,K2Cd3Se4
mp-18531,2.26,K2Cd3Te4
mp-1195550,2.46,K2Ce(PO4)2
,3.38,K2Dy2Ti3O10
mp-1200819,1.95,K2FeGe3Se8
mp-10973,1.72,K2Ga3CuSe6
mp-1199482,1.33,K2Gd2Sb2Se9
,3.3,K2Gd2Ti3O10
mp-561132,2.85,K2Ge2PbS6
mp-560019,5.38,K2Ge3(BO5)2
mp-568855,2.25,K2Hg(PSe3)2
mp-17792,2.64,K2Hg3(GeS4)2
,2.28,K2Hg3Se1.31S2.69
,2.11,K2Hg3Se2.97S1.03
mp-1172870,2.43,K2Ho4Cu4S9
mp-1199715,2.2,K2In2P3Se10
mp-21705,1.64,K2In3AgSe6
mp-21713,1.68,K2In3CuSe6
,2.2,K2La2Sb2S9
mp-6548,3.05,K2La2Ti3O10
mp-669410,2.0,K2Mn(SnSe3)2
mp-29861,0.0,K2Mn3S4
mp-628305,1.7,K2MnSnSe4
mp-1195788,3.3,K2Mo2Se2O11
mp-9763,2.82,K2NbCuS4
mp-9003,2.14,K2NbCuSe4
,0.0,K2NbO6
,3.25,K2Nd2Ti3O10
mp-9509,2.63,K2PAuS4
,1.48,K2PdSe10
,1.2,K2RbSb
mp-29877,5.71,K2ReH9
mp-23471,0.0,K2RuCl6
mp-1022,2.1,K2S
,1.31,K2Sb8Se3
mp-8426,1.8,K2Se
,3.26,K2Sm2Ti3O10
mp-555587,2.59,K2SmP2S7
mp-557121,2.75,K2Sn(AuS2)2
mp-1195395,2.3,K2Sn3(SbS5)2
,0.33,K2Ta15O32
mp-1747,1.9,K2Te
mp-27688,1.38,K2TeI6
mp-555425,2.17,K2Th(CuS2)2
,2.04,K2Ti(CuS2)2
mp-8900,1.85,K2VAgS4
mp-15147,1.82,K2VCuS4
mp-1195072,1.71,K2Zn(SnSe3)2
mp-12535,3.0,K2ZnTe2
mp-541447,0.0,K3(FeS2)2
mp-1189091,6.89,K3B6ClO10
,2.1,K3Bi2I9
mp-1204785,3.47,K3Cd(BO2)5
mp-559251,1.35,K3Cr2(PS4)3
,3.25,K3Ga3Ge7S20
,2.23,K3Ga3Ge7Se20
,0.0,K3Hg
,0.0,K3LiNb6O15
mp-628185,2.2,K3NaSn3Se8
mp-542545,1.53,K3Nb2AsSe11
mp-560964,2.2,K3Sm(AsS4)2
,0.0,K3Sn
,2.21,K3Ta2AsS11
mp-683905,1.45,K3Ta2AsSe11
mp-638086,2.49,K3Th2Cu3S7
,1.61,K3Ti2P5S18
,0.0,K3UF3
,0.0,K3V
,1.81,K4(ZrSe5)3
,2.0,K4Ag9(SbS3)4
,1.4,K4Al4Si19
,0.0,K4C2O3
,2.46,K4Ce3Sn3S14
,1.18,K4Ga4Si19
mp-1195433,2.0,K4Ge(PSe3)4
mp-556627,0.8,K4GeS4
mp-568847,0.64,K4GeSe4
,2.02,K4Hf3Se14
mp-1199321,2.2,K5In3P6Se19
mp-6296,2.33,K6Cd4Sn3Se13
mp-17698,2.51,K6CdTe4
,2.01,K6Ta1.03Nb2.97S25
,1.88,K6Ta2.93Nb1.07S22
mp-683975,2.6,K6Yb3(PS4)5
,2.34,K8Ce2I18O53
,0.0,K8N3O
,1.4,K9Bi13S24
mp-12735,0.0,KAg2
,2.25,KAg2AsS3
mp-12532,3.02,KAg2PS4
mp-1192667,2.1,KAg2SbS3
mp-9490,2.2,KAg2SbS4
,2.21,KAgAsS2
mp-1205357,0.0,KAgF3
mp-3074,0.0,KAgO
,3.5,KAlGeS4
mp-14659,1.62,KAsSe2
mp-557441,2.75,KAu(IO3)4
,3.1,KB5PbO9
mp-1191826,2.26,KBaAsSe3
mp-557420,3.65,KBaB5O9
mp-1190698,2.04,KBaSbSe3
mp-23279,0.0,KBi2
,1.21,KBi3S5
mp-29799,0.0,KBiO3
,0.86,KBiS2
,0.61,KBiSe2
mp-23251,7.6,KBr
,0.0,KC60
,2.16,KCd4Ga5Se12
mp-22395,1.54,KCeSe4
mp-23193,8.5,KCl
mp-20528,0.0,KCoO2
mp-1194436,1.29,KCu2BiS3
mp-9868,1.46,KCu3S2
mp-557728,1.9,KCu4AsS4
mp-649472,0.0,KCuPO4
,1.47,KCuSnS3
,1.04,KCuSnSe3
mp-867419,1.89,KEuAsS4
mp-1018137,0.0,KEuS2
mp-463,10.3,KF
,1.76,KFe2BiO5
,1.06,KFeCuTe2
,2.6,KGaSe2
,1.73,KGaSnSe4
,0.0,KH(CN2)3
mp-11462,0.0,KHg
mp-11952,0.0,KHg11
mp-30717,0.0,KHg2
mp-1195253,4.0,KIn(TeO3)2
,3.1,KInGeS4
mp-505412,3.0,KInS2
mp-505700,2.68,KInSe2
,2.3,KInSnS4
,0.0,KLi(WO3)3
mp-562137,6.32,KLiCO3
,0.0,KLu
,0.0,KMo6S7
,0.0,KNb2O5
,0.0,KNb2Se
mp-1202434,3.46,KNb3(SeO6)2
mp-1202170,3.52,KNb3(TeO6)2
,4.0,KNbSe2O7
mp-23959,6.95,KP(HO2)2
,2.14,KPAu5S8
,4.44,KPPbO4
mp-569702,2.08,KPSe3
mp-18625,2.16,KPSe6
,0.64,KRbBi8Se13
mp-14005,0.0,KRuO4
mp-1536,0.9,KSb
mp-1195296,4.64,KSb(SO4)2
,5.4,KSc(SeO3)2
,0.0,KScO3
,1.72,KSi2P3
mp-866651,2.25,KSiBiS4
mp-11604,2.17,KSm2CuS4
,2.3,KSnAuS3
,2.28,KSnAuSe3
mp-1200554,4.06,KTa3(TeO6)2
,0.0,KTa3CuO9
mp-3614,3.5,KTaO3
,1.65,KTbSe4
mp-1188829,1.4,KTeP2
mp-12365,2.95,KThCuS3
mp-976271,6.4,KTi2F7
mp-976257,0.0,KTi5Se8
,0.0,KTm
mp-1095429,2.37,KUClO3
mp-582421,0.0,KUCuSe3
,2.3,KV2I3O13
mp-553910,2.0,KV4Ag11O16
mp-17353,0.0,KV6O11
mp-1194980,3.8,KY(TeO3)2
,0.0,KYb2F7
,0.0,KYbSe2
mp-6652,2.32,KZn4(BO3)3
mp-639149,2.0,KZrPSe6
mp-22470,0.0,La(FeAs3)4
mp-21523,0.0,La(In2Au)2
,1.03,La(InS2)3
mp-14325,0.0,La(Ni2B)6
mp-9886,0.0,La(PRu)2
mp-567203,0.0,La(SiOs)2
mp-5105,0.0,La(SiRu)2
,2.67,La1.86Tb1.14Ga1.67S7
,0.0,La10Mn9O30
mp-558535,2.04,La10Se14O
mp-555465,0.0,La10Si8O3
,0.0,La16Mn15O48
,2.5,La1Se0.14S1.86
,1.0,La2.1Bi5.9Pb2S14
,0.0,La20Cu9O40
,2.4,La20Mo12Cl4O63
mp-14696,0.0,La2B4Rh5
mp-1077929,0.0,La2CuO4
mp-1078132,0.7,La2Fe(SeO)2
,0.0,La2Fe2I
,1.76,La2Ga0.33Sb1S5
,2.78,La2Ga2GeS8
,1.08,La2Ge2Se7
mp-621659,0.0,La2Ge5Ir3
mp-18055,0.0,La2Ge5Rh3
,1.24,La2GeSe5
mp-1197947,0.7,La2HfS5
mp-20760,0.0,La2In
mp-1196301,1.6,La2Mn(SeO)2
,0.0,La2Nb2N2O5
mp-3471,0.0,La2Ni5B4
mp-2292,5.4,La2O3
,0.0,La2PC
mp-571647,0.0,La2PI2
mp-8672,0.0,La2PdO4
,0.0,La2Pr2O7
mp-568375,0.0,La2Rh7
mp-7475,2.77,La2S3
mp-8620,0.0,La2Si5Rh3
mp-30755,0.0,La2Sn5Rh3
,1.02,La2TiCoO6
,3.63,La2V2IO9
,0.41,La2VCoO6
,0.45,La2VNiO6
,1.45,La2YbCuS5
,1.15,La2YbCuSe5
mp-1196943,3.4,La2Zn(SeO)2
mp-1198687,2.01,La2ZrS5
mp-569935,0.0,La3(BN2)2
mp-27330,0.0,La3(OsO5)2
mp-29326,0.0,La3(ReO5)2
mp-4505,0.0,La3AlN
mp-510011,2.0,La3CuGeSe7
,2.54,La3Ga1Ge0.5S7
,1.36,La3GaCuSe7
mp-672231,0.0,La3Ge3Br2
,2.61,La3In1Ge0.5S7
mp-645695,1.26,La3LuSe6
,1.71,La3Mg0.5Sn1S14
mp-1198818,3.7,La3Mo4O16F
mp-866714,0.0,La3NiBr3
,1.92,La3Si1Sb0.33S7
,1.75,La3Si1Sb0.33Se7
mp-879,0.43,La3Te4
mp-9435,0.0,La3ZrSb5
mp-1196490,2.27,La4Cd4In2S13
mp-1203869,0.0,La4Co3O10
mp-1203562,1.0,La4Fe(SbS5)2
mp-1200263,0.85,La4Fe(SbSe5)2
mp-21571,0.0,La4In5S13
mp-1196663,2.07,La4InSbS9
,1.76,La4InSbSe9
,2.0,La5Cu6.33S7O4
,2.6,La5In3(S3O)3
,0.0,La5SmS8
,0.0,La5YbS8
,2.6,La6Sb4(SO4)3
,0.0,La8Mn7O24
mp-1195582,2.3,La8Sb2S15
,0.0,LaAl12O19
mp-21109,0.0,LaAl4
mp-12274,0.0,LaAl4Co
mp-2680,4.1,LaB6
,0.0,LaBPt3
,5.65,LaBeB3O7
,0.0,LaBiAu2
mp-12055,0.0,LaCd2
,0.0,LaCdAg2
mp-542251,0.0,LaCdAu
mp-30590,0.0,LaCu6
mp-6088,3.1,LaCuSO
mp-552488,2.83,LaCuSeO
mp-546790,2.31,LaCuTeO
mp-905,6.6,LaF3
mp-1002133,0.0,LaGa
mp-21201,0.0,LaGa3Pd2
mp-5837,4.4,LaGaO3
mp-4816,2.5,LaGaS3
mp-568574,0.0,LaGeI
mp-24153,0.0,LaH2
,4.76,LaH2NO5
mp-734,0.0,LaHg
mp-20582,0.0,LaIn
mp-22017,0.0,LaIn2Ir
mp-20911,0.0,LaIn5Ir
,2.73,LaInS2O
,0.0,LaMg(FeO3)2
mp-1180682,1.0,LaMg2H7Pd
mp-2306,0.0,LaMg3
,1.7,LaNbN2O
mp-2384,0.54,LaP
,0.0,LaP3
mp-2889,0.0,LaPd3S4
mp-1832,0.0,LaPt5
,0.0,LaRe2Ag
,0.0,LaReB
mp-1065,0.8,LaSb
mp-1024951,0.0,LaScSi
mp-7083,0.0,LaSi
mp-2062,0.19,LaSi2
mp-28795,0.0,LaSi2Ru
mp-30756,0.0,LaSn3Ru
mp-550514,2.0,LaTaN2O
,0.0,LaTb3
,0.0,LaV
mp-1202389,3.58,LaVI5O16
,0.0,LaYbZn2
mp-549589,1.5,LaZnAsO
,0.0,LaZnAu2
,0.0,Li(CuO)3
,0.0,Li(NiO2)4
,2.7,Li0.33Ag1Sn0.67O2
,2.7,Li0.33Ti0.67Ag1O2
,1.95,Li0.5Ge1Pb1.75S4
,0.0,Li11Mn13O32
,0.0,Li12Fe5O16
,0.0,Li13Nb14ZnO42
,0.0,Li13Ti22O48
,0.0,Li14Ti21O48
,0.0,Li15(FeO4)4
,0.0,Li15Mn2O12
,0.0,Li17Nb20O60
,0.0,Li17Ti20O40
,0.0,Li2(FeO2)5
mp-3440,0.0,Li2(LuGe)3
,0.0,Li2(NiO2)3
,0.0,Li23(MnAs)20
mp-4779,7.3,Li2B4O7
mp-10686,0.99,Li2CdGe
mp-1189383,3.1,Li2CdGeS4
mp-1188784,3.26,Li2CdSnS4
,0.0,Li2Co4O7F
,0.0,Li2CrCo3O8
,0.0,Li2CrCuO4
,0.0,Li2Cu2S3
,0.0,Li2CuF6
,0.0,Li2DyIn
,0.0,Li2EuSn
,0.0,Li2Fe2(PO4)3
,0.0,Li2Fe3CoO8
,0.0,Li2Fe3NiO8
,0.0,Li2Fe3SnO8
mp-1105387,1.42,Li2FeGeS4
mp-1105173,1.86,Li2FeSnS4
,0.0,Li2FeWO6
mp-29210,0.0,Li2Ga
,2.64,Li2Ga(GeSe3)2
mp-554782,3.65,Li2Ga2GeS6
mp-3201,0.0,Li2GaPd
mp-16341,0.93,Li2HgGe
,2.46,Li2HgGeS4
mp-1191476,3.45,Li2In2GeS6
mp-1191200,2.3,Li2In2GeSe6
mp-1191903,3.61,Li2In2SiS6
mp-1191817,2.54,Li2In2SiSe6
mp-30344,0.0,Li2InAg
,0.0,Li2LaTl
,0.0,Li2MgHg
mp-12128,0.0,Li2MgIn
,0.0,Li2MgSn
,0.0,Li2MnCo3O8
,0.0,Li2MnCu3O8
,3.06,Li2MnGeS4
,0.0,Li2MnNi3O8
,0.0,Li2MnO2F
,3.3,Li2Mo2Se2O11
,0.0,Li2Nb2(PO4)3
mp-7779,0.0,Li2NdAs2
mp-20106,0.0,Li2NdSb2
,0.0,Li2Ni2SbO6
,0.0,Li2Ni3TeO8
,0.0,Li2Ni5(PO4)4
,0.0,Li2PmAl
,0.0,Li2PmGe
,0.0,Li2PrIn
mp-7777,0.0,Li2PrP2
,2.3,Li2PtO3
,0.0,Li2Si4Ni5O14
,2.68,Li2SiHgS4
mp-7924,0.0,Li2Sn5
,2.32,Li2SnHgS4
,0.0,Li2SnIr
mp-1203622,3.5,Li2TeMoO6
mp-1196881,4.0,Li2TeWO6
,0.0,Li2Ti3FeO8
,0.0,Li2TiMn3O8
,0.0,Li2TlAg
mp-560793,0.0,Li2U(MoO5)2
,0.0,Li2V2F7
,0.0,Li2V3CrO8
,0.0,Li2V3FeO8
,0.0,Li2YbPb
mp-569115,1.1,Li2ZnGe
,1.86,Li2ZnGeSe4
mp-555186,2.87,Li2ZnSnS4
,1.87,Li2ZnSnSe4
,0.0,Li3(CoO2)4
,0.0,Li3(CuO)4
mp-545467,0.0,Li3(CuO2)2
,2.75,Li3AlP2
,3.63,Li3AlTe4O11
mp-23222,0.7,Li3Bi
,0.0,Li3C
,0.0,Li3Co(NiO2)4
,0.0,Li3Co2(GeO4)3
,0.0,Li3Co3SbO8
,0.0,Li3Co4TeO8
,0.0,Li3Cr(NiO2)4
,0.0,Li3Cr3(CuO6)2
,0.0,Li3CrCo3O8
,0.0,Li3CrO4
,0.0,Li3Cu4NiO8
,0.0,Li3Dy
,0.0,Li3Fe(CoO2)4
,0.0,Li3Fe(SbO3)4
,0.0,Li3Fe2SbO6
,0.0,Li3FeNi3O8
,0.0,Li3FeS3
,1.98,Li3FeTe4O11
,3.85,Li3GaTe4O11
,0.0,Li3Mn(CuO3)2
,0.0,Li3Mn(NiO3)2
,0.0,Li3Mn2(CoO4)2
,0.0,Li3Mn2(PO4)3
,0.0,Li3Mn2CuO6
,0.0,Li3Mn3NiO8
,0.0,Li3Mn3WO8
,0.0,Li3Mn4(PO4)6
,0.0,Li3Mn4O8
,0.0,Li3MnAs2
,0.0,Li3Mo2P5O18
,0.0,Li3Ni(SbO3)4
,0.0,Li3Ni2(GeO4)3
,0.0,Li3Ni3(PO4)4
,3.68,Li3PS4
mp-542435,2.9,Li3ScN2
mp-29165,0.0,Li3Si3Ag2
,0.0,Li3Ti2(PO4)3
,0.0,Li3Ti3(PO4)4
,0.0,Li3V12O29
,0.0,Li3V4FeO12
,0.0,Li3V4NiO12
,0.0,Li3VOF5
,0.0,Li4(FeO2)9
,4.9,Li4.5Al0.5Te1O6
,1.79,Li4.5Cr0.5Te1O6
,3.25,Li4.5Fe0.5Te1O6
,4.99,Li4.5Ga0.5Te1O6
,1.97,Li4.5Mn0.5Te1O6
,0.0,Li4Co2Ni3O10
,0.0,Li4Co3CuO8
,0.0,Li4Co5SbO12
,0.0,Li4Cr3NiO8
,0.0,Li4CrO5
,0.0,Li4Cu(PO4)2
,0.0,Li4Fe2Cu3O10
,0.0,Li4Fe3NiO8
,0.0,Li4Fe7(OF7)2
,0.0,Li4FeNi3O8
,2.75,Li4HgGe2S7
,0.0,Li4MgNi3O8
,0.0,Li4Mn(WO4)3
,0.0,Li4Mn3Cr3O12
,0.0,Li4Mn5Cu3O16
,0.0,Li4Mn5Nb3O16
,0.0,Li4Mn5NbO12
,0.0,Li4Mn5Ni3O16
,0.0,Li4NbNi3O8
,0.0,Li4Ni2(PO4)3
,0.0,Li4Ni3BiO8
,0.0,Li4Ti5Cr3O16
,0.0,Li4TiCr3O8
,0.0,Li4V5Cu3O16
,0.0,Li4VF7
mp-555377,0.0,Li4WO5
,0.0,Li5(BiO3)4
,0.0,Li5Co2Ni3O10
,0.0,Li5Co2O2F5
,0.0,Li5Cr2Ni5O12
,0.0,Li5Fe2Ni3O10
,0.0,Li5Fe6(BO3)6
,0.0,Li5La3Nb14O42
,0.0,Li5Mn2Cu5O12
,0.0,Li5Mn3(FeO5)2
,0.0,Li5Mn5(SbO6)2
,0.0,Li5Mn6(BO3)6
,0.0,Li6(NiO2)5
,0.0,Li6Fe3Co7O20
,0.0,Li6Fe9CoO20
,0.0,Li6FeNi9O20
,0.0,Li6FeO5F
,0.0,Li6FeO6
,0.0,Li6Mn5CoO12
,0.0,Li6Mn5FeO12
mp-562387,0.0,Li6Tb2O7
,0.0,Li7(Mo3S4)4
,0.0,Li7(NiO2)11
,0.0,Li7Ca8Nb12O40
,0.0,Li7Ti16O32
,0.0,Li7Ti5O12
,0.0,Li7Ti7O16
,0.0,Li8BiS6
,2.61,Li8GeN4
mp-8469,0.0,Li8IrO6
,0.0,Li8PO3
mp-8424,0.0,Li8PrO6
,0.0,Li8Ti16CuS32
,0.0,Li8TiNi7O16
,0.0,Li9Fe3(WO4)7
,4.45,Li9Ga13(Te7O22)3
,0.0,LiAgF3
mp-30821,0.0,LiAl2Rh
,0.0,LiAl2Tc
mp-10890,0.0,LiAl3
,0.0,LiAlB4
mp-5920,0.0,LiAlGe
,0.0,LiAlRh2
mp-555874,1.6,LiAsS2
,2.0,LiB3
,4.75,LiB9PbO15
,0.0,LiBePt2
,0.0,LiBi2(PO4)3
,3.35,LiBi3(ClO2)2
,0.11,LiBiS2
,0.0,LiCa2Ga
mp-504670,0.0,LiCa2Ge3
,0.0,LiCa2In
,0.0,LiCa2Mg
mp-1192528,1.4,LiCa3As2H
,0.0,LiCaO3
,0.0,LiCd2Rh
mp-6126,4.28,LiCdBO3
mp-22905,9.33,LiCl
,0.0,LiCo(CO3)2
,0.0,LiCo7O7F
,0.0,LiCoS2
,0.0,LiCu2(CO3)2
mp-567097,0.0,LiCu2Ge
,0.0,LiCu3F7
,0.0,LiCu5P3O13
mp-9158,0.0,LiCuO2
,0.0,LiCuPO4
,0.0,LiEr2Ga
,0.0,LiErAu2
mp-541365,1.5,LiEuH3
mp-1138,11.7,LiF
,0.0,LiFe2(PO4)3
,0.0,LiFe2(SiO4)2
,2.64,LiGa(GeSe3)2
,0.0,LiGaAg2
,0.0,LiGaAu2
mp-5854,5.6,LiGaO2
,0.0,LiGaPd2
,0.0,LiGaPt2
mp-5048,2.31,LiGaTe2
,3.73,LiGd5P2O13
mp-13322,0.0,LiGeRh2
mp-696288,4.9,LiH3(SeO3)2
,0.0,LiHf2Ir
,0.0,LiHfPd2
,0.0,LiHg2Pd
,0.0,LiHoAu2
,0.0,LiHoO3
mp-973966,4.27,LiIn(IO3)4
mp-13396,0.0,LiIn2Rh
mp-567787,0.0,LiInAg2
mp-1188392,3.56,LiInS2
mp-20187,2.83,LiInSe2
mp-568466,0.0,LiInSn
,2.3,LiInSnS4
mp-20782,1.46,LiInTe2
mp-11992,0.0,LiLa2IrO6
,0.0,LiLu2Ga
,0.0,LiLu2Pd
,0.0,LiLu2Ru
,0.0,LiLu2Tc
,0.0,LiMg2Ag
mp-12558,0.7,LiMgAs
mp-570213,0.4,LiMgBi
mp-30156,3.2,LiMgN
mp-7555,0.0,LiMgSnPd
,0.0,LiMn(PO4)2
,0.0,LiMn2(PO4)2
mp-1195443,0.0,LiMn4O8
,0.0,LiMn9Se10
,0.0,LiMnCoO4
,0.0,LiMnCuO4
mp-556415,0.0,LiMnO2
mp-26981,0.0,LiMnP2O7
,0.0,LiMnSiO4
,0.0,LiMo3O8
mp-558917,2.8,LiMoIO6
,3.0,LiNb3(BiO3)4
,0.0,LiNi2(PO4)3
,0.0,LiNiP2O7
,0.0,LiPm2Al
,0.0,LiPm2Ga
,0.0,LiPm2Ir
,0.0,LiPm2Si
,0.0,LiPr2Ru
,1.6,LiSb3PbS6
mp-1079885,1.36,LiSbS2
,0.68,LiSbSe2
,0.13,LiSbTe2
,0.0,LiScHg2
mp-973391,2.27,LiSiB6
,0.0,LiSiPd2
,0.0,LiSiRh2
,2.83,LiSm3SiS7
,0.0,LiSn(PO3)4
mp-21894,0.0,LiSn4Ir
mp-11977,0.0,LiSnAu
,3.5,LiTa3(BiO3)4
mp-3666,4.1,LiTaO3
,0.0,LiTaRh2
,0.0,LiThAu2
,0.0,LiTi11O20
,0.0,LiTi3O6
,0.0,LiTiSiO4
mp-12716,0.0,LiTlPd2
,0.0,LiTm2Rh
,0.0,LiTm2Ru
mp-18189,0.0,LiTmSn
,0.0,LiV2NiO6
,0.0,LiV3O4
mp-1018791,0.0,LiY(CuP)2
,0.0,LiY2Ru
mp-12264,0.0,LiYbF4
mp-21242,0.0,LiYbPb
,0.0,LiZn(Fe5O8)2
,4.0,LiZn2GaO4
,3.1,LiZnBO3
mp-7575,1.91,LiZnN
,0.0,LiZr2Os
,0.0,LiZrRh2
,1.27,Lu(InS2)3
mp-12101,0.0,Lu(SiOs)2
,0.0,Lu2AgAu
mp-16490,0.0,Lu2Al3Co
,0.0,Lu2AlTc
,0.0,Lu2CdAg
,0.0,Lu2CdIn
,1.75,Lu2CrS4
,0.0,Lu2Fe2Si2C
mp-14306,0.0,Lu2FeS4
,0.0,Lu2InHg
,0.0,Lu2MgHg
mp-865350,0.0,Lu2Mn12P7
mp-973756,0.0,Lu2Mo2C3
mp-1427,5.5,Lu2O3
,0.0,Lu2TlAg
,0.0,Lu2TlCd
,2.12,Lu2TlCu3Se5
mp-10566,0.0,Lu3BC3
,0.0,Lu3Ga
mp-11733,0.0,Lu3InN
mp-10607,0.0,Lu3TlC
mp-15178,0.0,Lu4C7
mp-542170,0.0,Lu5(Si5Ir2)2
mp-13234,0.0,Lu5Si3B
mp-11752,0.0,Lu7(NiTe)2
mp-11753,0.0,Lu7(TePd)2
mp-1018131,0.0,LuAg2
,0.0,LuAl2Pd5
,0.0,LuAlAg2
mp-11249,0.0,LuAu
mp-3105,0.0,LuBPd3
mp-8371,0.0,LuC2
,3.7,LuCd4B3O10
,0.0,LuCdAg2
,0.0,LuGaRh2
mp-973906,0.0,LuGe2
,0.0,LuHfRu2
mp-1529,0.0,LuIr
mp-1761,0.0,LuIr2
mp-19967,0.0,LuMnSi
mp-6188,0.0,LuNiBC
mp-10192,1.3,LuP
mp-790,0.0,LuPt3
,0.0,LuScRh2
,0.0,LuScRu2
,0.0,LuScZn2
mp-973633,0.0,LuSi2Ni
mp-22440,0.0,LuSiIr
,0.0,LuU2S3O2
,0.0,LuUO3
mp-16043,0.0,Mg(As2Rh3)2
,0.0,Mg(CoS2)2
,0.0,Mg(FeO2)4
,0.0,Mg(FeS2)2
,0.0,Mg(SnO2)4
,0.0,Mg(TiS2)4
mp-568548,0.0,Mg10B16Ir19
,0.0,Mg17Al11Pd
mp-17659,0.0,Mg23Al30
,0.0,Mg2AgIr
,0.66,Mg2Co
,0.0,Mg2CrN2
mp-2481,0.0,Mg2Cu
,0.0,Mg2CuWO6
mp-30650,0.0,Mg2Ga
mp-408,1.67,Mg2Ge
mp-505693,0.0,Mg2GeB2Rh5
mp-1192564,2.02,Mg2GeSe4
,0.0,Mg2MnN2
,0.0,Mg2PdAu
,0.0,Mg2RhAu
mp-1367,2.27,Mg2Si
mp-14793,0.0,Mg2SiPt
,0.0,Mg2TcO4
,0.0,Mg2TiIrO6
,0.0,Mg2V9O13
,0.0,Mg2Zr14O5
,2.7,Mg3(B25C4)2
mp-684027,0.0,Mg3(MnAl9)2
mp-10117,0.0,Mg3(Ni10B3)2
mp-14842,0.0,Mg3(Ni10P3)2
,0.0,Mg32Al36Ag13
mp-7062,0.0,Mg3Al9FeSi5
,1.33,Mg3AsN
mp-569018,0.0,Mg3Bi2
mp-571626,0.0,Mg3Ga7Co2
mp-642855,0.0,Mg3Ge
mp-1559,2.8,Mg3N2
mp-2514,1.4,Mg3P2
mp-542429,0.0,Mg3Rh
mp-625,0.0,Mg3Ru2
mp-2646,0.8,Mg3Sb2
,0.0,Mg3Tl
,0.0,Mg4Sc3(SiO3)8
,0.0,Mg5As
mp-560026,5.63,Mg5B3O9F
,0.0,Mg5Ti13O30
mp-570849,0.0,Mg5Tl2
,0.0,Mg9CuO10
mp-3477,0.0,MgAgAs
,0.0,MgCo2(PO5)2
,0.0,MgCr
mp-1189056,2.36,MgCu2GeS4
mp-1205334,3.2,MgCu2SiS4
mp-30449,0.0,MgCuBi
mp-3522,0.0,MgCuSb
mp-11361,0.0,MgCuSn
mp-1249,11.1,MgF2
mp-20566,0.0,MgIn3
mp-973088,0.0,MgInAg2
,0.0,MgInPd2
,0.0,MgMnO3
,0.0,MgMnRh2
mp-15778,0.0,MgNiSb
,0.0,MgPb3
,0.0,MgPt5
,0.0,MgRh2Pb
mp-9927,0.0,MgRhF6
,0.0,MgSbF6
mp-10184,0.0,MgSbPt
mp-1174,0.0,MgSc
,0.0,MgScAg2
mp-13241,0.0,MgSi7Ir3
mp-3677,4.05,MgSiN2
,0.0,MgSnRh2
mp-1039,3.6,MgTe
,0.0,MgTi11O20
,0.0,MgTi4O6
mp-11498,0.0,MgTl
,0.0,MgV4O6
mp-1124,0.0,MgZn2
mp-19789,0.0,Mn(BW)2
,0.0,Mn(CoO2)4
mp-21823,1.5,Mn(PbO2)2
mp-19231,2.65,Mn(SbO2)2
mp-22576,0.0,Mn(SbO3)2
,0.31,Mn(SbSe2)2
,0.37,Mn0.05Te1Pb0.95
,0.49,Mn0.1Te1Pb0.9
mp-752,0.7,Mn15Si26
mp-7892,0.0,Mn2AlB2
,0.0,Mn2AlO4
,0.0,Mn2CoAs
mp-22289,0.0,Mn2CoGe
,0.0,Mn2Cu(PO4)3
,0.0,Mn2GaW
mp-621925,0.0,Mn2GeS4
,0.0,Mn2Hg5
mp-12659,0.0,Mn2Nb
,0.0,Mn2OF3
mp-1849,0.0,Mn2P
mp-22354,0.0,Mn2Tl2O7
,0.0,Mn2VSi
,0.0,Mn3(OF3)2
mp-16511,0.0,Mn3Al10
,0.0,Mn3Cr3(CoO8)2
,0.0,Mn3Cr3(TeO8)2
,0.0,Mn3NbO8
mp-20362,0.0,Mn3NiN
mp-10198,0.0,Mn3PdN
mp-7070,0.0,Mn3PtN
,0.0,Mn3SbO8
mp-14046,0.0,Mn3V2(SiO4)3
,0.0,Mn5As4
mp-704981,0.0,Mn5Ge2
,0.0,Mn5O3F5
,0.0,Mn5O7
,0.0,Mn7O7F
,0.58,MnAl3
mp-5491,0.0,MnAlAu2
mp-22240,0.0,MnAs
,0.0,MnBe2Co
,0.0,MnCdO2
mp-19809,0.0,MnCoSi
mp-22221,0.0,MnCu2Sn
,0.0,MnCu3
mp-560902,9.9,MnF2
mp-4238,0.0,MnFeAs
,0.0,MnFeCoGe
mp-601285,0.0,MnGaNi2
mp-569151,0.0,MnGaPt
mp-610972,0.0,MnGePd
mp-4664,0.0,MnGeRh2
,1.45,MnIn2PbS5
mp-22673,0.0,MnInCu2
,0.0,MnNbO4
mp-11500,0.0,MnNi
mp-1102690,0.0,MnNiP
mp-19006,3.6,MnO
mp-510408,1.3,MnO2
,0.0,MnP2
mp-569522,0.28,MnP4
mp-8695,2.5,MnPSe3
mp-2065,0.0,MnS
,0.0,MnSb3(PO4)6
,0.0,MnSbPd
mp-571163,0.0,MnSbRh2
mp-999540,2.5,MnSe
mp-1431,0.6,MnSi
,0.0,MnSiNi2
,0.0,MnSnRu2
,0.0,MnTcOs
,2.0,MnTe9
mp-22792,0.0,MnTePd
,1.9,MnV(TeO4)2
,0.0,Mo2NCl8
mp-542154,0.0,Mo3Pd2N
mp-1743,0.0,Mo5As4
mp-30544,0.0,Mo5O14
mp-1634,1.6,MoSe2
mp-1104707,2.06,Na(GeP)3
,2.08,Na0.5Ge1Pb1.75S4
,1.6,Na0.5Ge1Pb1.75Se4
,2.0,Na0.75Eu1.625Ge1Se4
mp-568580,0.0,Na10(Ga2Sn)3
,0.0,Na11Bi5O16
,0.0,Na11Ti20O40
mp-30794,0.0,Na15Sn4
,0.0,Na19Zr11S30
,7.33,Na2B6O9F2
mp-1020144,7.3,Na2Be4B4O11
,2.37,Na2Cd(GeSe3)2
mp-561075,2.52,Na2CdSnS4
,0.0,Na2Cl
,0.0,Na2Cr7O14
,2.0,Na2EuGeSe4
mp-1190388,3.29,Na2Ga2GeS6
,2.2,Na2Ga2SnS6
,4.19,Na2Gd(PO4)2
mp-17964,2.38,Na2Ge2Se5
,2.68,Na2Hg3(GeS4)2
,2.03,Na2Hg3Se1.49S2.51
mp-31430,0.0,Na2In
mp-1190145,3.17,Na2In2GeS6
mp-1190429,2.47,Na2In2GeSe6
mp-1190138,3.27,Na2In2SiS6
,1.92,Na2In4Se6S
mp-607437,0.0,Na2In5Au6
,0.0,Na2LiTa
mp-1195277,3.1,Na2Mo2Se2O11
mp-1192640,3.56,Na2Nb4Se4O19
,2.4,Na2Pt(IO3)6
mp-648,2.4,Na2S
mp-4770,0.0,Na2SO4
mp-1266,2.0,Na2Se
,2.86,Na2Si2Hg3S8
,2.45,Na2Sn2Hg3S8
mp-2784,2.3,Na2Te
mp-1190141,2.35,Na2TeS3
mp-573581,1.87,Na2TeSe3
mp-6328,0.0,Na2Ti2Sb2O
mp-3488,3.51,Na2Ti3O7
mp-30795,0.0,Na2Tl
mp-23546,0.0,Na2UI6
,0.0,Na2V6O13
mp-541773,0.0,Na2VCuF7
mp-1190476,2.36,Na2Zn(GeSe3)2
mp-1190487,2.93,Na2Zn(SnS3)2
,4.9,Na2Zn3(SeO3)4
,0.0,Na3(WO3)4
mp-542680,0.0,Na3In2Au
,0.0,Na3Mn2(GeO4)3
,4.69,Na3MoClO4
mp-1194849,4.77,Na3MoO4F
,0.0,Na3Re
,3.88,Na3Sn2ClF6
,0.0,Na3Tl
,0.0,Na3UF7
,4.99,Na3WClO4
mp-560158,3.2,Na3Zn(BO2)5
,0.64,Na4Al4Si19
,2.15,Na4Eu(GeS3)2
mp-1103730,2.53,Na4Mg(GeSe3)2
mp-1103351,2.85,Na4Mg(SiSe3)2
,0.0,Na5Cu7O13
,0.0,Na5Fe6(SiO3)12
mp-556070,3.38,Na5Gd(MoO4)4
mp-3017,0.0,Na6CoSe4
mp-9266,0.0,Na6FeS4
mp-19427,0.5,Na7(CoO3)2
,1.5,Na7.36Ga7.24Sn4.78Se24
mp-556538,0.0,Na8(CuO2)5
mp-541787,0.0,Na8Hg3
,0.0,Na8NbO6
,0.0,Na8PO3
,0.0,Na9(WO3)16
,3.6,NaAlGeS4
mp-17868,0.0,NaAsO3
mp-2315,0.32,NaB15
,0.0,NaBi3
,0.38,NaBiS2
,0.28,NaBiSe2
,0.0,NaC
,0.0,NaCd2Au
,1.1,NaCd4P3
mp-1192203,2.93,NaCdAsS3
,0.0,NaCdO3
mp-13459,0.0,NaCdSb
,0.0,NaCeS2
,2.15,NaCeS3
mp-7469,0.0,NaCuO
,0.0,NaEuO2
mp-682,10.5,NaF
,0.0,NaFe2(SiO3)4
mp-18728,0.0,NaFe2O3
,2.35,NaGaGe3Se8
mp-696842,4.9,NaH3(SeO3)2
mp-255,0.0,NaHg
mp-1196607,4.25,NaIn(IO3)4
mp-1194878,4.0,NaIn(TeO3)2
mp-1195769,2.18,NaIn3S5
,2.17,NaIn3Se5
mp-20289,1.9,NaInS2
mp-22473,2.8,NaInSe2
,2.4,NaInSnS4
mp-22483,1.6,NaInTe2
,0.0,NaIrPb
mp-13019,4.5,NaLa2TaO6
,2.61,NaLaS3
,0.0,NaLi3
mp-6533,0.0,NaLu(Pd3O4)2
mp-557436,1.72,NaNb2PS10
,0.0,NaNi2O3
mp-7944,0.82,NaSb
mp-554384,2.17,NaSb(PS3)2
mp-5955,3.76,NaSbF6
,0.47,NaSbTe2
mp-1194561,5.5,NaSc(SeO3)2
mp-4276,0.0,NaSi2Pd3
mp-561232,2.54,NaSm(PS3)2
mp-583168,0.0,NaSn2
,0.0,NaTa3
mp-977244,0.0,NaTi5Se8
mp-1564,0.0,NaTl
mp-1195227,3.9,NaY(Te2O5)2
mp-10838,1.85,NaYb(PS3)2
mp-15056,0.0,NaZr2TiF11
mp-505173,0.0,NaZrCuTe3
,0.0,Nb(Cl2O)2
,0.0,Nb17Ir3S40
,0.0,Nb2(CoO3)3
mp-554930,1.78,Nb2AgPS10
mp-29645,0.0,Nb2Cr4Si5
mp-581967,3.08,Nb2O5
mp-1199265,2.79,Nb2Pb2Se4O15
,0.0,Nb2Sb
mp-570757,0.8,Nb2Tl3CuSe12
mp-17803,1.8,Nb2Tl4S11
,0.0,Nb3(Fe10B3)2
mp-20689,0.0,Nb3B2
mp-568014,0.0,Nb3Bi
mp-27383,1.47,Nb3CuO8
mp-22060,0.0,Nb3In
,0.0,Nb3IrSe8
mp-1932,0.0,Nb3Os
,0.0,Nb3Ru
mp-570751,0.0,Nb3Te
,0.0,Nb3V(PO4)6
mp-15958,0.0,Nb3VS6
,0.0,Nb40N21O16
mp-624253,0.0,Nb4Co2PdSe12
mp-18032,0.0,Nb5Ga4
mp-1188215,0.0,Nb5Ge3
,0.0,Nb5OF14
mp-7250,0.0,Nb6Co7
,3.2,Nb6VSb3O25
mp-554336,2.02,NbAg2(PS4)2
mp-20133,0.0,NbCrN
,0.0,NbCrW
mp-4043,2.45,NbCu3Se4
mp-17272,2.0,NbCuO3
mp-4364,0.0,NbGaCo2
,0.0,NbHO3
mp-28357,0.0,NbHg3F6
,0.0,NbOsPb
mp-11514,0.0,NbPt2
,0.0,NbRu2Cl
mp-571133,1.4,NbSe2
mp-2478,0.0,NbSi2
mp-21248,0.0,NbSiIr
,0.28,NbSnIr
mp-569832,0.0,Nd(Al4Co)2
mp-12060,0.0,Nd(AsPd)2
mp-4999,0.0,Nd(CoGe)2
mp-4228,0.0,Nd(CoSi)2
mp-570399,0.0,Nd(CrSi)2
mp-21070,0.0,Nd(GePt)2
,1.15,Nd(InS2)3
mp-20000,0.0,Nd(NiSn)2
mp-568055,0.0,Nd(PRu)2
mp-505513,0.0,Nd(Re2Si)2
mp-567130,0.0,Nd(SiIr)2
,1.5,Nd1.33Lu0.67S3
mp-1202414,1.98,Nd10Se14O
,0.5,Nd2(SnSe3)3
mp-864790,0.0,Nd2BC
,0.0,Nd2CdIn
mp-5182,0.0,Nd2Fe14B
mp-1189581,0.0,Nd2Ge5Rh3
mp-1196123,0.7,Nd2HfS5
,0.0,Nd2IrPd
mp-540986,0.0,Nd2Ni7P4
mp-1045,4.4,Nd2O3
mp-19930,0.0,Nd2Ru2O7
mp-438,2.65,Nd2S3
,1.7,Nd2Se3
mp-16380,1.12,Nd2Te3
mp-569275,0.0,Nd2WC2
,0.0,Nd2ZnGa
mp-1196300,1.83,Nd2ZrS5
mp-630836,0.0,Nd3(GeRu)2
mp-571330,0.0,Nd3AlC
mp-2015,0.0,Nd3Ge5
mp-21483,0.0,Nd3In
mp-3071,0.0,Nd3Ni13B2
mp-2204,1.6,Nd3Te4
,0.0,Nd3Zr
mp-560086,2.62,Nd4(GeS4)3
mp-3375,0.0,Nd4Ge3Rh4
,1.57,Nd4InSbSe9
mp-567369,0.0,Nd4Mg3Co2
mp-605835,0.0,Nd4MgRu
,0.0,Nd4O3F7
mp-1464,0.0,Nd5Ge3
mp-172,0.0,Nd5Ge4
mp-864793,0.0,NdAgAs2
mp-20880,0.0,NdAgPb
,0.0,NdAl4Ge2Au
mp-16622,0.0,NdAl7Au3
mp-2602,1.04,NdAs
,0.0,NdAu3
mp-1929,4.9,NdB6
mp-3591,0.0,NdBRh3
mp-23300,0.0,NdBi
mp-13008,0.0,NdCrGe3
mp-22666,0.0,NdCu3(RuO3)4
mp-542314,2.98,NdCuSO
mp-974307,2.26,NdCuTeO
,0.0,NdErTl2
,0.0,NdErZn2
mp-18511,6.15,NdF3
mp-4196,0.0,NdFeSi2
mp-11396,0.0,NdGa2Ni
mp-3196,0.0,NdGaO3
mp-21197,0.0,NdIn3
mp-510564,0.0,NdIn5Rh
mp-621362,0.0,NdInAu
mp-22696,0.0,NdInCu
mp-13327,1.61,NdLuSe3
mp-2389,0.0,NdMg2
mp-568207,0.0,NdMg2Ni9
mp-11194,0.0,NdMgNi4
mp-18755,0.0,NdMnSbO
mp-1192562,3.66,NdMoO4F
mp-5383,0.0,NdNiC2
mp-31049,0.0,NdO2
mp-1080485,0.0,NdPt
mp-999335,0.0,NdRh
mp-1586,0.0,NdSb
mp-1018815,0.0,NdSbPd
mp-4854,0.0,NdScGe
,0.0,NdSmHg2
mp-12701,0.0,NdSn2
mp-567214,0.0,NdSnRh
mp-570,0.0,NdTe
mp-2550,0.48,NdTe2
mp-22331,0.0,NdTiGe
,0.0,NdTlAg2
mp-30799,0.0,NdTlPd
,0.0,NdZn2Ag
,2.0,Ni(CN)2
,0.0,Ni(PO3)4
,0.0,Ni23B6
mp-17383,0.0,Ni2Ge
mp-4091,0.0,Ni2Mo3N
mp-21536,0.0,Ni2Mo4C
,0.0,Ni2Mo4N
,0.0,Ni2PO5
mp-17360,3.84,Ni2Te3O8
mp-21008,0.0,Ni3Ge
mp-12798,0.0,Ni3Pt
mp-1050,0.0,Ni3S4
,0.0,Ni3SnN
,0.0,Ni4(BiO2)9
,0.0,Ni4(PO4)3
,0.0,Ni7(P2O7)4
mp-19284,0.0,NiAgO2
,0.0,NiAsO3
,0.0,NiCO4
mp-1099,0.0,NiGe
mp-29752,0.0,NiGePt2
,0.0,NiI
,0.0,NiN
mp-19009,4.0,NiO
mp-2282,0.64,NiS2
mp-10264,0.23,NiTe
mp-20905,2.0,OsS2
mp-758356,0.0,P2H12N7Cl
mp-733876,0.0,P2H4RhO9
mp-2452,0.0,P2O5
mp-2319,1.13,P2Os
mp-28266,0.65,P2Pd
mp-3006,2.12,P2Pd3S8
mp-15953,1.0,P2Rh
,2.4,P2Se3
mp-28860,2.2,P2Se5
,0.0,PH2NO2
mp-23672,6.8,PH6NO4
,3.97,PHPbO3
mp-1102534,1.4,POsS
mp-1101841,1.4,POsSe
mp-7280,1.38,PPdS
mp-3123,0.15,PPdSe
mp-1095584,1.4,PRuS
mp-28885,2.5,PSe
mp-1203346,0.0,PW5O17
,3.44,Pb17(Cl9O4)2
,0.37,Pb1Se0.01S0.99
,0.33,Pb1Se0.5S0.5
,0.26,Pb1Se0.95S0.05
,0.26,Pb1Se0.99S0.01
,0.27,Pb1Se0.9S0.1
mp-20078,1.67,Pb2O3
mp-1192446,3.76,Pb2SeN2O9
mp-22633,2.12,Pb3O4
mp-1194412,3.73,Pb3Se2(BrO3)2
mp-667338,2.98,PbN6
mp-22342,4.3,PbSeO4
mp-1198404,1.31,Pd(IO3)2
mp-393,0.0,Pd16S7
,0.0,Pd2N
,0.0,Pd3(PbS)2
mp-1336,0.8,PdO
mp-20599,0.0,PdPb2
mp-20250,0.5,PdS
mp-13682,0.75,PdS2
mp-21165,0.2,PdSe
mp-2418,0.4,PdSe2
,0.0,Pm2CuGe
,0.0,Pm2IrRh
,0.0,Pm2NiRh
,0.0,Pm2PtAu
,0.0,Pm3I
,0.0,PmCd3
,0.0,PmCdPd2
,0.0,PmDy3
,0.0,PmGaAu2
,0.0,PmHgAu2
,0.0,PmMgAu2
,0.0,PmMgCd2
,0.0,PmMgRh2
,0.0,PmSbRh2
,0.0,PmSnRh2
mp-975729,0.0,Pr(BRu)2
,0.0,Pr(BiO3)2
mp-571008,0.0,Pr(CoAs)2
mp-4810,0.0,Pr(CoGe)2
mp-5627,0.0,Pr(FeSi)2
,1.14,Pr(InS2)3
mp-5423,0.0,Pr(MnSi)2
,1.38,Pr1.29Lu0.71S3
mp-560835,1.89,Pr10Se14O
,1.0,Pr1Te1.9
,0.0,Pr27Se40
mp-2714,0.0,Pr2Au
,0.0,Pr2CdSn
mp-978102,0.0,Pr2Co12P7
,1.32,Pr2Ge2Se7
,1.8,Pr2GeSe5
,0.0,Pr2HgPb
mp-20715,0.0,Pr2InGe2
mp-21870,0.0,Pr2InPd2
mp-558448,0.0,Pr2Ir2O7
mp-15179,2.6,Pr2S3
,1.8,Pr2Se3
mp-2980,3.65,Pr2Te4O11
mp-571302,0.0,Pr3(Al2Si3)2
,0.0,Pr3Cd
,0.0,Pr3I
,1.89,Pr4InSbSe9
mp-605873,0.0,Pr4MgRu
mp-1484,0.0,Pr4Sb3
,0.46,Pr4Te7
mp-616210,0.0,Pr5In11Ni6
mp-542465,0.0,Pr5Si4
mp-9537,0.0,Pr6Fe13Si
,0.0,Pr7Mn8O24
mp-555896,0.0,Pr9(SbO)5
mp-4308,0.0,PrAgAs2
mp-30181,0.0,PrAl3Ni2
mp-10622,1.0,PrAs
mp-1079915,0.0,PrAu
mp-12569,0.0,PrB4
mp-12762,4.9,PrB6
mp-9028,4.0,PrBN2
mp-13483,0.0,PrBPt4
mp-646,0.0,PrCd
mp-11610,0.0,PrCo4B
mp-6166,3.03,PrCuSO
,0.0,PrErIn2
,0.0,PrErMg2
mp-978101,0.0,PrFeGe2
,0.0,PrGaAu2
,0.0,PrGe3
mp-981551,0.0,PrGe5
mp-1019094,0.0,PrGeAu
mp-20023,0.0,PrIn
mp-570611,0.0,PrInAu2
mp-946,0.0,PrIr2
,0.0,PrLuIn2
mp-13326,1.56,PrLuSe3
,0.0,PrMgAg2
mp-7239,0.0,PrMgGa
,0.0,PrMo3
mp-1192358,3.64,PrMoO4F
mp-975655,0.0,PrNiGe2
mp-11344,0.55,PrO
mp-601,0.0,PrP
mp-1785,0.66,PrSb
mp-1018902,0.0,PrSbPt
,0.0,PrSm3
,0.0,PrSmO2
,2.0,PrTaN2O
,0.93,PrTl2InSe4
mp-999289,1.18,PrTlSe2
,0.0,PrTmTl2
mp-460,0.0,PrZn
,0.95,Pt0.97S2
mp-20828,0.0,Pt3Pb
,0.0,Pt3PbC
,0.0,PtN
mp-762,0.75,PtS2
mp-1115,0.1,PtSe2
,0.45,Rb1.45Sb7.45Pb3.1Se15
,1.33,Rb1.54Cd1.54Bi2.46S6
mp-581457,0.0,Rb15Hg16
,0.0,Rb28(Mg3In17)3
mp-1105212,2.6,Rb2AgPS4
mp-571293,1.53,Rb2BaNb2Se11
mp-1103709,3.35,Rb2Cd(IBr)2
mp-541897,2.58,Rb2Cd(PSe3)2
mp-1200744,4.76,Rb2Cd3(B4O7)4
mp-18556,2.92,Rb2Cd3S4
mp-16818,2.37,Rb2Cd3Se4
mp-29901,2.3,Rb2Cd3Te4
mp-560562,0.0,Rb2CrF6
mp-1195291,1.6,Rb2Cu2Sb2S5
mp-18006,2.08,Rb2Cu2SnS4
mp-568928,0.0,Rb2FeI4
mp-1020707,5.54,Rb2GeB4O9
,2.32,Rb2Hg(PSe3)2
,2.8,Rb2Hg3(GeS4)2
mp-1194625,3.1,Rb2Mo3Se3O16
mp-542629,0.0,Rb2Mo9Se10
mp-555091,0.0,Rb2Na2IrO4
mp-556353,0.0,Rb2NaNiF6
mp-560671,0.0,Rb2NaVF6
mp-15221,2.64,Rb2NbCuS4
mp-15222,2.19,Rb2NbCuSe4
,2.3,Rb2PS5
,2.4,Rb2Pt(IO3)6
,0.0,Rb2SCl6F
mp-561434,2.48,Rb2Sn2Hg3S8
mp-1194540,2.33,Rb2Sn3(SbS5)2
mp-559737,0.0,Rb2Tb3AlF16
mp-441,4.5,Rb2Te
mp-570324,2.14,Rb2TeBr6
mp-28070,1.4,Rb2TeI6
,2.33,Rb2Ti(AgS2)2
mp-7129,2.19,Rb2Ti(CuS2)2
mp-8901,1.83,Rb2VAgS4
mp-15219,1.85,Rb2VCuS4
,4.9,Rb2Zn3(SeO3)4
mp-562230,0.0,Rb3(Cu4S3)2
,2.6,Rb3Ag9(PS4)4
,3.1,Rb3Al3Ge7S20
,2.4,Rb3Al3Ge7Se20
mp-1195363,2.62,Rb3Bi2Br9
mp-1200569,2.34,Rb3Cd(BO2)5
,0.0,Rb3Ga
,6.53,Rb3Li4(BO2)7
,0.0,Rb3Mn
mp-1104938,4.84,Rb3Na(MoO4)2
mp-683902,1.5,Rb3Nb2AsSe11
mp-16319,1.0,Rb3Sb
mp-1194576,2.48,Rb3Sb2Br9
mp-1195452,1.94,Rb3Sb2I9
,0.0,Rb3Sm
,2.21,Rb3Ta2AsS11
,0.0,Rb3Tm
mp-1020643,2.66,Rb3Zn(BO2)5
,2.0,Rb4Ag9(SbS3)4
mp-557618,0.0,Rb4CuSi2O7
,1.18,Rb4Ga4Si19
mp-1195251,2.0,Rb4Ge(PSe3)4
mp-1020896,5.42,Rb4Ge3B6O17
mp-1199088,3.51,Rb4Mo5(PO11)2
mp-542067,1.59,Rb4Ti3S14
,0.0,Rb5(W4O15)2
,0.0,Rb5(WO3)18
,3.99,Rb5B(SO4)4
mp-1020620,6.53,Rb5Li6(BO2)11
mp-556433,0.0,Rb5Tl3O
mp-540855,0.0,Rb6O
mp-585963,2.07,Rb7Th2(P2Se7)3
,1.3,Rb9Bi13S24
mp-17756,2.3,RbAg2SbS4
,2.04,RbAg2TeS6
mp-1195102,2.4,RbAg5(PS4)2
mp-7767,0.0,RbAgF3
,0.0,RbB5(H2O3)4
,7.6,RbBa2(PO3)5
mp-23253,0.0,RbBi2
,0.8,RbBi3TeSe4
,0.0,RbBr3
mp-568643,0.0,RbC8
,3.67,RbCaBO3
mp-1197285,4.2,RbCd(BO2)3
mp-1040,0.0,RbCd13
,3.02,RbCd4Ga5S12
,2.19,RbCd4Ga5Se12
,1.64,RbCd4Ga5Te12
,1.57,RbCd4In5Se12
,1.6,RbCu(SbS2)2
,1.96,RbCu2AsS3
,1.67,RbCu2SbS3
,2.15,RbCu4AsS4
mp-615754,0.0,RbCuPdF5
mp-541407,1.44,RbCuSnS3
,1.04,RbCuSnSe3
mp-20277,0.0,RbEuO2
mp-2064,10.4,RbF
,0.0,RbF3
,1.88,RbGaSnSe4
,0.0,RbGe3
mp-1199892,5.58,RbGeB3O7
mp-1192404,4.07,RbH2(IO3)3
mp-24022,4.84,RbH3(SeO3)2
,0.0,RbHg3
,0.2,RbHgSbTe3
mp-21477,0.0,RbIn4
,2.5,RbIn5S6
,3.1,RbInGeS4
mp-601861,3.3,RbInS2
,2.7,RbInSnS4
mp-1192556,3.9,RbInTe3O8
,6.28,RbLiCO3
,1.53,RbMn4Ga5Te12
,1.76,RbMn4In5Se12
mp-10287,0.0,RbMnTe2
mp-1198591,2.96,RbMoPO6
,0.0,RbNa2NiO2
,1.0,RbNa2Sb
mp-1201687,3.49,RbNb3(TeO6)2
mp-1201070,0.46,RbNb4Br11
,4.1,RbNbSe2O7
,4.35,RbPPbO4
mp-17945,2.18,RbPSe6
mp-9060,0.0,RbPdF3
,0.0,RbSbO3
,1.62,RbSbSe2
,0.38,RbSbTe2
,4.9,RbSc(SeO3)2
mp-1204836,3.88,RbTa3(TeO6)2
mp-10782,2.5,RbTbSe2
mp-569807,0.0,RbTiBr3
,0.0,RbTmO3
mp-559405,0.0,RbU2SbS8
mp-13350,0.0,RbUAgS3
mp-15998,1.45,RbV(CuS2)2
mp-9102,0.0,RbVP2S7
,0.0,RbWO3
mp-1194706,3.6,RbY(TeO3)2
,2.07,RbYbZnSe3
,1.76,RbZn4In5Se12
,2.0,RbZrPSe6
mp-28633,0.0,Re(TeCl6)2
mp-558655,0.0,Re2PbO6
,0.0,Re2RuBr
mp-16877,0.0,Re2W3C
mp-2473,0.0,Re3As7
,0.0,Re3F
mp-1474,0.0,Re3P4
mp-504815,0.0,Re5(NiAs6)2
,0.0,ReBiO3
mp-27340,0.0,ReCl4
,0.0,ReF6
,0.0,ReIr3
mp-190,2.3,ReO3
,0.0,ReOsRu
mp-867296,0.0,RePO5
mp-12605,0.12,ReSi2
,0.0,ReSn3
,1.5,Rh0.67S2
,0.7,Rh0.67Se2
mp-17173,0.8,Rh2S3
,0.0,Rh3Pb
mp-555277,0.0,Rh7(PbO5)3
,1.5,RhS3
mp-1192175,0.6,RhSe2
,0.7,RhSe3
,0.7,RhSeS
,0.0,Ru3Cl
mp-22850,0.0,RuCl3
mp-2030,1.8,RuS2
mp-1922,1.0,RuSe2
mp-27236,0.0,Sb2I2F11
mp-2695,0.2,Sb2Os
,1.8,Sb2PbSe4
mp-20928,0.3,Sb2Ru
mp-6997,0.0,Sb2Te
mp-27290,0.0,Sb2XeF14
,2.61,Sb3IO4
mp-621960,0.0,Sb4Pb4S11
mp-556869,1.95,Sb5IO7
,0.65,Sb6Pb4Se13
,0.8,Sb6Pb6Se17
,2.72,Sb8I2O11
,1.6,SbAs
mp-1102833,1.2,SbOsS
mp-1101771,0.4,SbOsSe
mp-578882,2.0,SbPb2S2I3
,2.67,SbPbBrO2
,2.48,SbPbIO2
,0.0,SbPd3
mp-1078755,0.0,SbPt3
,0.0,SbRh3
mp-1102395,0.9,SbRuSe
mp-22971,2.17,SbSBr
,1.84,SbSeBr
mp-28051,1.25,SbTeI
mp-1103213,0.05,SbTeOs
,0.5,SbTeRh
mp-1102857,0.5,SbTeRu
,0.3,Sc(CuSe)3
mp-11438,0.0,Sc(GaFe)6
,0.0,Sc(TiN)9
mp-1025365,0.0,Sc(VGa2)2
mp-21931,0.0,Sc11(AlGe4)2
,0.0,Sc14Cu14O37
,0.0,Sc2(PO4)3
mp-10911,0.0,Sc2Al3Ru
,0.0,Sc2CuRu
,0.77,Sc2Fe
,0.0,Sc2FeB2Ir5
,0.0,Sc2GaAg
,0.0,Sc2GaIr
,0.0,Sc2MnC
mp-401,2.0,Sc2S3
,0.0,Sc2TlTc
mp-30652,0.0,Sc3(MnGa3)2
mp-31027,0.0,Sc3(ReSi2)2
mp-10133,0.0,Sc3BPb
mp-28733,0.0,Sc3C4
mp-4755,0.0,Sc3Fe2Si3
mp-8577,0.0,Sc3GaC
mp-21035,0.0,Sc3PbC
mp-541558,0.0,Sc4Ge6Rh7
mp-607138,0.0,Sc5Bi3
mp-31025,0.0,Sc5NCl8
mp-510209,0.0,Sc5Pb3
mp-11201,0.0,Sc6FeSb2
mp-10446,0.0,Sc6NiTe2
mp-11754,0.0,Sc6Te2Os
mp-28321,0.0,Sc7CI12
mp-541594,0.0,Sc8Te3
mp-11237,0.0,ScAg
mp-13383,1.55,ScAg(PSe3)2
mp-973185,3.8,ScAgO2
mp-10898,0.0,ScAlNi2
mp-10113,0.0,ScBIr3
,0.0,ScBPd3
mp-11277,0.0,ScBe5
mp-1211,1.71,ScCd
,0.0,ScCdAg2
,0.0,ScCdHg2
mp-21739,0.0,ScCoGe2
,0.0,ScCoO3
,0.0,ScCrO4
mp-1018149,0.0,ScCu2
mp-3642,3.3,ScCuO2
mp-11412,0.0,ScGa2
mp-10212,0.0,ScGe2
mp-11471,0.24,ScHg
mp-1129,0.0,ScIr
mp-2857,2.6,ScN
mp-3432,0.11,ScNiSb
mp-12480,0.0,ScPPt
mp-1780,0.0,ScRh
mp-10712,0.0,ScRh3C
mp-569779,0.23,ScSbPd
,0.0,ScSbRh2
,0.0,ScSbRu2
mp-3129,0.0,ScSi3Ni
mp-17092,0.0,ScSnPd
,2.67,ScTa2NO5
,3.58,ScTiNbO6
,0.0,ScTiO3
mp-13312,1.51,ScTlS2
mp-13313,0.79,ScTlSe2
mp-13314,0.85,ScTlTe2
mp-13503,0.0,ScZn2
,0.0,ScZn3
,0.0,ScZnNi2
,0.0,ScZnPt2
,1.9,SeS
mp-23492,3.2,Si(Bi3O5)4
,0.65,Si0.001Ge0.999
,0.67,Si0.03Ge0.97
,1.04,Si0.0645Ge0.9355
,1.04,Si0.07Ge0.93
,0.72,Si0.08Ge0.92
,1.13,Si0.109Ge0.891
,0.84,Si0.12Ge0.88
,1.32,Si0.162Ge0.838
,0.8,Si0.1Ge0.9
,1.5,Si0.226Ge0.774
,0.86,Si0.2Ge0.8
,1.91,Si0.347Ge0.653
,0.88,Si0.3Ge0.7
,2.24,Si0.458Ge0.542
,0.9,Si0.4Ge0.6
,0.94,Si0.6Ge0.4
,1.0,Si0.7Ge0.3
,1.1,Si0.8Ge0.2
,1.06,Si0.94Ge0.06
,1.08,Si0.98Ge0.02
,1.09,Si0.999Ge0.001
,1.04,Si0.9Ge0.1
,1.24,Si15(TeP2)4
mp-4720,0.0,Si2Ni6B
mp-28945,0.0,Si2NiP3
mp-505071,0.0,Si2Pd9
,0.0,Si2Ru
,0.0,Si2SbO6
mp-988,5.1,Si3N4
mp-978553,0.88,SiAs2
,0.0,SiAu3
mp-569128,2.0,SiB3
,0.0,SiBi3O7
,0.88,SiGe
,0.0,SiHg3
mp-2798,2.0,SiP
mp-9996,1.89,SiP2
,1.9,SiSb
,0.0,SiSb3
mp-568264,1.72,SiSe2
,0.59,SiSn
,0.0,SiTe2Os
,0.0,SiW3
mp-978678,0.0,Sm(BOs)2
mp-15968,0.0,Sm(CoSi)2
,0.0,Sm(CuO2)2
,1.82,Sm(CuS)3
,0.23,Sm(CuTe)3
mp-13282,2.0,Sm(ErSe2)3
,1.18,Sm(InS2)3
mp-20646,0.0,Sm(MnGe)2
mp-1080144,0.0,Sm(NiSn)2
mp-567600,0.0,Sm(SiAg)2
mp-3939,0.0,Sm(SiNi)2
,1.51,Sm1.82Lu2.18Se6
mp-570141,0.0,Sm2(PPt2)3
,0.7,Sm2(SnSe3)3
,0.0,Sm2AgRu
,0.0,Sm2AlCd
mp-570702,0.0,Sm2Cu4Sn5
mp-1005792,0.0,Sm2CuAs3O
mp-1426,0.0,Sm2Fe17
mp-553121,0.0,Sm2IO2
mp-19816,0.0,Sm2In
,0.0,Sm2IrPd
mp-1192255,1.5,Sm2Mn3(SbS3)4
mp-554770,0.0,Sm2Mo2O7
mp-218,5.0,Sm2O3
mp-672272,0.0,Sm2Pd2Pb
,0.0,Sm2RuAu
mp-1403,2.96,Sm2S3
,2.3,Sm2Sc3
mp-15081,2.3,Sm2Se3
mp-1106376,0.7,Sm2Te3
mp-319,0.0,Sm2Tl
,0.0,Sm2TlHg
,0.0,Sm2TlZn
mp-1198078,1.41,Sm2ZrSe5
,0.0,Sm3(Sb7Te12)2
mp-11222,0.0,Sm3Al
,2.26,Sm3Al0.33Si1S7
mp-1094052,0.0,Sm3AlN
mp-1105337,2.5,Sm3B(SO)3
mp-5447,0.0,Sm3OsO7
,0.0,Sm3Sc
mp-571144,0.51,Sm3Te4
,0.0,Sm3Zr
mp-581770,0.0,Sm4Al23Ni6
mp-1199065,2.23,Sm4GaSbS9
mp-1179485,0.0,Sm4In21Pd10
mp-1196183,2.13,Sm4InSbS9
mp-567957,0.0,Sm4MgRh
,0.0,Sm4U4O17
,0.0,Sm5Br11
mp-672351,0.0,Sm6Br13
mp-2475,0.0,SmAg
mp-979972,0.0,SmAlCu
mp-1738,1.03,SmAs
mp-978809,0.0,SmAs2Au
mp-30417,0.0,SmAu3
,3.54,SmB(SbO4)2
mp-6996,3.5,SmB6
,0.8,SmB66
mp-3428,0.0,SmBPd3
mp-1200917,3.39,SmBiW2O9
,0.0,SmC10
,0.0,SmCdHg2
mp-336,0.0,SmCo2
mp-5410,0.0,SmCo3B2
mp-1079121,0.0,SmCoC2
mp-13009,0.0,SmCrGe3
,0.0,SmCuO3
,2.9,SmCuSO
mp-11793,2.1,SmCuSe2
mp-9194,2.6,SmCuSeO
mp-8121,0.0,SmCuSi
,0.0,SmErMg2
,0.0,SmHg3
mp-567912,0.0,SmHgPd
,0.0,SmHoHg2
,0.0,SmHoZn2
mp-20666,0.0,SmIn2Rh
mp-621351,0.0,SmInAu
,0.0,SmLuTl2
mp-30779,0.0,SmMg3
,0.0,SmMgHg2
mp-9220,0.0,SmNi2B2C
mp-16734,0.0,SmNiAs
mp-999144,0.0,SmNiC2
mp-710,1.09,SmP
mp-1019110,0.0,SmPbAu
mp-1269,2.3,SmS
mp-2281,0.59,SmSb
mp-29647,0.0,SmSb2
mp-1447,0.46,SmSe
mp-15442,0.0,SmSi3Pt5
mp-571581,0.0,SmSnPd
,0.0,SmSnRh2
,0.52,SmSnTe2
,0.0,SmTh3
,0.0,SmTmZn2
,0.0,Sn(PO3)3
,0.24,Sn0.001Pb0.999Se1
,0.23,Sn0.01Te1Pb0.99
,0.21,Sn0.03Pb0.97Se1
,0.21,Sn0.03Te1Pb0.97
,0.12,Sn0.05Pb0.95Se1
,0.14,Sn0.06Pb0.94Se1
,0.28,Sn0.06Te1Pb0.94
,0.08,Sn0.07Pb0.93Se1
,0.06,Sn0.08Pb0.92Se1
,0.22,Sn0.08Te0.08Pb0.92Se0.92
,0.13,Sn0.08Te1Pb0.92
,0.02,Sn0.13Pb0.87Se1
,0.13,Sn0.15Pb0.85Se1
,0.18,Sn0.15Te0.15Pb0.85Se0.85
,0.04,Sn0.17Pb0.83Se1
,0.15,Sn0.17Te1Pb0.83
,0.16,Sn0.1Te1Pb0.9
,0.04,Sn0.23Te1Pb0.77
,0.04,Sn0.25Pb0.75Se1
,0.04,Sn0.25Te1Pb0.75
,0.12,Sn0.28Te0.28Pb0.72Se0.72
,0.06,Sn0.2Pb0.8Se1
,0.14,Sn0.2Te0.2Pb0.8Se0.8
,0.08,Sn0.2Te1Pb0.8
,0.09,Sn0.35Te0.35Pb0.65Se0.65
,0.26,Sn0.99Te1Pb0.01
,1.08,Sn1Se0.01S0.99
,1.03,Sn1Se0.2S0.8
,0.98,Sn1Se0.6S0.4
,0.94,Sn1Se0.75S0.25
,0.89,Sn1Se0.99S0.01
,1.32,Sn2BiSI5
,0.85,Sn2S
mp-561134,1.5,Sn2SbS2I3
mp-557633,2.6,Sn2WO5
,0.47,Sn3As2
mp-1194504,0.43,Sn3Ir2Se3
,0.0,Sn3P3O13
mp-1371,0.0,Sn3Pd
mp-556980,2.49,Sn3WO6
mp-28998,0.0,Sn5(BIr3)2
mp-30060,0.0,Sn5(BRh3)2
,0.0,SnAs3
,0.0,SnB
mp-569152,3.9,SnCl2
mp-5045,2.23,SnGeS3
mp-13554,1.6,SnHgO3
mp-27194,2.4,SnI2
mp-23182,2.38,SnI4
mp-2097,3.0,SnO
mp-856,3.6,SnO2
,0.0,SnPt3C
mp-317,0.0,SnRh
mp-1170,2.43,SnS2
,0.0,SnSb3(PO4)4
mp-665,1.62,SnSe2
mp-1883,0.3,SnTe
,0.0,Sr(CeS2)2
,0.0,Sr(CeSe2)2
mp-5671,0.0,Sr(CoP)2
mp-12780,0.0,Sr(GaAu)2
mp-21756,0.0,Sr(In4Rh)2
,2.85,Sr(LaS2)2
,2.45,Sr(NdS2)2
,2.7,Sr(PrS2)2
mp-1079784,0.0,Sr(RuO3)2
mp-22775,0.0,Sr(Sb3Ru)4
mp-1194208,0.0,Sr(YbS2)2
mp-17715,3.7,Sr0.5Ta1O3
mp-556496,0.0,Sr10Al4Si6O
mp-556498,8.0,Sr2Be2B2O7
mp-645208,0.0,Sr2Co2O5
mp-561870,0.0,Sr2CoReO6
mp-23102,0.0,Sr2Cu(ClO)2
,0.0,Sr2GaCo2O7
mp-29089,0.0,Sr2GeN2
mp-6676,0.0,Sr2HoRuO6
,1.0,Sr2La2.58Bi5.42S14
,2.52,Sr2La2Pt1O7.13
,0.0,Sr2Li2Nb3O10
mp-16307,0.0,Sr2MgIrO6
mp-1078868,0.0,Sr2MgReO6
,3.05,Sr2Pr2Pt1O7.07
mp-1106218,3.57,Sr2ScSbO6
,3.38,Sr2SmTaO6
mp-5532,3.41,Sr2TiO4
,2.96,Sr2V2(SeO5)3
mp-1197632,2.47,Sr2V3Se5O18
,0.0,Sr2YBi2O7
mp-7889,0.0,Sr2YReO6
mp-559614,0.0,Sr2ZnReO6
mp-7376,0.0,Sr3(AlSn)2
mp-22418,0.0,Sr3(SnIr)4
,4.0,Sr3Bi(PO4)3
,0.0,Sr3Co2S2O5
,3.99,Sr3Eu(PO4)3
,0.75,Sr3Ge(SbSe4)2
,0.0,Sr3Li4La5O12
,0.0,Sr3Sb2
mp-17557,0.0,Sr3ScNiO6
,4.4,Sr3Se3ClO8
mp-3349,3.26,Sr3Ti2O7
,0.05,Sr4Ga8Ge15
,4.0,Sr4Te3(ClO2)4
mp-1204879,2.66,Sr4V2(Se2O7)3
mp-29620,0.0,Sr5Bi3
mp-867155,0.0,Sr5Cd2Sb5F
mp-17720,0.0,Sr5Sn3
mp-40674,4.5,Sr5V3O12F
,0.0,Sr6Nb7O21
,0.0,Sr7Bi23O40
mp-567532,0.0,Sr8(MnN3)3
,0.74,Sr8.007Ge2.043Bi7.949Se24
mp-11224,0.0,Sr8Al7
mp-565434,0.0,Sr8Co8O23
mp-573523,0.0,Sr8Fe3N8
mp-30355,0.0,SrAg
mp-27233,0.0,SrAl
,0.0,SrB2
mp-242,3.68,SrB6
mp-547244,3.52,SrBiClO2
mp-30496,0.0,SrCd
,0.0,SrCdSi
mp-510607,2.45,SrCrO4
mp-30451,0.0,SrCuBi
mp-7390,0.9,SrGe2
mp-20074,0.0,SrIn2
,0.25,SrIn2(GeIr)4
mp-20497,0.0,SrIn2Ir
mp-542537,0.0,SrIn2Rh
mp-21901,0.0,SrIn4Ir
mp-21124,0.0,SrIn4Pt
,0.0,SrLa3MnO8
,0.0,SrLaMn2O6
,0.0,SrLi2Sn
,6.67,SrLi4(BO3)2
mp-571443,0.0,SrMgIn3
,2.0,SrMgSnSe4
mp-20189,0.0,SrMnGe
mp-10564,0.0,SrN2
mp-18252,0.0,SrNi2(PO4)2
mp-17396,0.0,SrNi5As3
mp-2472,5.7,SrO
mp-21162,0.0,SrPb3
,3.2,SrPb3Br8
mp-20489,1.78,SrPbO3
mp-9926,0.0,SrRhF6
mp-1087,4.76,SrS
,0.0,SrSbAu
mp-2758,4.42,SrSe
mp-4092,4.75,SrSeO4
mp-8843,0.0,SrSiPd
mp-2879,4.1,SrSnO3
mp-8539,0.0,SrSnP
mp-552454,1.99,SrTaNO2
mp-1958,3.73,SrTe
mp-1194714,3.02,SrTh(PS4)2
mp-30877,0.0,SrTl2
,0.0,SrTlHg2
,0.0,SrUS2
mp-510250,0.0,SrV13O18
,3.1,SrZnSO
mp-12275,0.0,SrZnSb2
,0.0,SrZr2Nb
,2.59,Ta11(CuO15)2
,2.58,Ta11(CuO6)5
,0.0,Ta22(CuS12)3
mp-31909,1.89,Ta2Mn3O8
,0.0,Ta2MoOs
mp-1079438,0.0,Ta2N
,0.0,Ta2Nb3O12
mp-10390,4.2,Ta2O5
,0.0,Ta2OsW
mp-14474,0.0,Ta2PtSe7
,0.0,Ta2TiN3
mp-18344,1.26,Ta2Tl4S11
,0.0,Ta2TlO6
mp-10142,0.0,Ta3B4
mp-504502,0.0,Ta3P
,0.0,Ta4AlC3
mp-28964,0.0,Ta4FeTe4
mp-8046,0.0,Ta4N5
mp-1642,0.0,Ta5N6
mp-30439,0.0,Ta6Be15Cu8
mp-582719,0.0,Ta6Ni16Ge7
mp-28752,2.47,Ta7Cu3O19
mp-869,0.0,TaAl3
,0.0,TaAlPt
mp-1936,0.0,TaAs
mp-2676,0.0,TaBe2
,0.0,TaCoSn2
mp-10748,3.0,TaCu3S4
,0.0,TaF3
,0.0,TaGaPt
,0.0,TaInNi
mp-1279,2.3,TaN
mp-22709,0.0,TaNiB2
mp-30836,0.0,TaPd3
mp-567638,0.0,TaPt3
mp-1020,0.0,TaRh3
,0.0,TaTiFe2
mp-10795,0.78,TaTlS3
,0.0,TaW3
mp-3546,0.0,Tb(Al2Fe)4
mp-972049,0.0,Tb(AlC)3
mp-3893,0.0,Tb(CoB)2
mp-3709,0.0,Tb(CoGe)2
,0.16,Tb(CuSe)3
,0.46,Tb(CuTe)3
mp-21041,0.0,Tb(FeP3)4
mp-5351,0.0,Tb(GePd)2
mp-2881,0.0,Tb(GeRh)2
,1.2,Tb(InS2)3
mp-22012,0.0,Tb(MnGe)6
mp-505597,0.0,Tb(Ni2P)2
,2.61,Tb0.52Pr2.48Ga1.67S7
mp-570655,0.0,Tb10B7C10
,0.0,Tb11S16
mp-13432,0.0,Tb2AlCo2
mp-7024,0.0,Tb2C3
mp-646337,2.0,Tb2EuSe4
,2.1,Tb2GeS5
mp-570630,0.0,Tb2In16Pt7
mp-1056,3.0,Tb2O3
mp-641945,0.0,Tb2Sb5
,0.0,Tb2SbO2
mp-21712,0.0,Tb2Ti3Ge4
mp-28827,0.0,Tb3(MnC3)2
mp-972235,0.0,Tb3FeB7
mp-1187292,0.0,Tb3Ge5
mp-541883,0.0,Tb3Ni13B2
mp-31102,0.0,Tb3ReO7
,0.0,Tb3Si
mp-1200490,4.59,Tb4Al2O9
mp-1202576,2.44,Tb4GaSbS9
,0.0,Tb5Ti5O17
mp-1188772,0.0,Tb5Tl3
,0.0,Tb6PbSe10
,3.53,TbB(SbO4)2
mp-3869,0.0,TbBRh3
mp-12615,0.0,TbBe13
mp-27923,0.0,TbCl
mp-2265,0.0,TbCo2
mp-11363,0.0,TbCu5
mp-11417,0.0,TbGa
mp-644529,0.0,TbGa2Co3
mp-11418,0.0,TbGa3
mp-24724,0.0,TbH2
mp-1062648,0.0,TbHg2
mp-672325,0.0,TbIn2Ni
mp-22382,0.0,TbInAg2
mp-22032,0.0,TbInIr
,0.0,TbMn5Ge3
mp-30808,0.0,TbNi5
mp-4288,0.0,TbNiGe2
,0.0,TbNiO3
mp-645,0.0,TbP
mp-1079305,0.0,TbPt
mp-1310,0.0,TbRh2
mp-1095657,0.0,TbSb2
,0.0,TbSe2
mp-31413,0.0,TbSnAu
mp-1176,0.0,TbTe
mp-30878,0.0,TbTl
mp-1103802,4.24,TbWClO4
,0.0,TbYHg2
,0.0,TbYbHg2
,0.0,TbYbRh2
mp-2338,0.0,TbZn2
mp-4075,0.0,TbZrSb
,0.0,Tc3Pd
,0.0,TcB
mp-9481,1.0,TcS2
,0.88,TcSe2
,0.26,Te0.01Pb1Se0.99
,0.26,Te0.05Pb1Se0.95
,1.2,Te0.4Se0.6
,0.29,Te0.5Pb1Se0.5
,1.0,Te0.5Se0.5
,0.7,Te0.6Se0.4
,0.4,Te0.8Se0.2
,0.3,Te0.99Pb1Se0.01
mp-20123,0.0,Te2Au
,0.0,Te2Mo(WS2)3
,0.0,Te2Mo2WSe4
,0.0,Te2Mo3Se4
,0.0,Te2MoWS2
mp-2142,0.3,Te2Os
mp-782,1.8,Te2Pd
mp-613,0.0,Te2Pd3
mp-605028,0.0,Te2Pd3Pb2
mp-267,0.25,Te2Ru
,0.0,Te2W2SeS
,0.0,Te3MoWS
,0.0,Te4Mo(WS)2
,0.0,Te4MoW3S4
mp-10051,0.74,TeAs
mp-569766,1.1,TeI
mp-570884,1.1,TeI4
,0.0,TeMoSe
mp-2125,3.0,TeO2
mp-1196950,3.79,TePb3Cl4O3
mp-564,0.0,TePd
,1.58,TeSe
mp-669325,0.0,TeWCl9
mp-4703,0.0,Th(Al2Fe)4
mp-568030,0.0,Th(Al5Fe)2
mp-20238,0.0,Th(FeGe)2
mp-7600,0.0,Th(FeSi)2
mp-4147,0.0,Th(GePd)2
mp-21281,0.0,Th(MnGe)2
mp-5165,0.0,Th(SiRu)2
mp-12584,0.0,Th2CrN3
mp-30639,0.0,Th2Fe7
,1.98,Th2GeSe2
mp-21428,0.0,Th2In
mp-2392,0.37,Th2Se5
mp-3182,0.0,Th3B2C3
mp-570442,0.0,Th6Mg23
mp-178,0.0,ThAl
mp-1306,0.0,ThAl3
mp-1019357,0.0,ThAsSe
mp-571335,0.0,ThBi2
mp-22528,0.0,ThCrB4
mp-569748,0.0,ThFe2SiC
mp-2215,0.0,ThHg2
mp-312,0.0,ThIr5
mp-648519,0.0,ThMn4(CuO4)3
mp-1019360,0.0,ThPSe
mp-570184,0.0,ThPd3
mp-568337,0.0,ThRh2
mp-22394,0.0,ThRu3C
mp-503,0.0,ThS
mp-8136,2.22,ThSO
mp-7950,1.65,ThSeO
mp-21238,0.0,ThSi
mp-1025056,0.0,ThSi2Ru3
mp-3718,1.45,ThTeO
,0.0,ThU8O18
mp-23494,3.09,Ti(Bi3O5)4
,0.0,Ti10O11
,0.0,Ti11O18
,0.0,Ti13S24
,0.3,Ti1C0.9
,0.0,Ti20(Sb3Se)3
,0.0,Ti2AlV
,0.0,Ti2B
mp-571126,0.0,Ti2BRh6
mp-1201649,0.0,Ti2Be17
mp-10721,0.0,Ti2C
mp-30501,0.0,Ti2Cd
,0.0,Ti2CoGe
mp-1025269,0.0,Ti2CoS4
mp-3951,0.0,Ti2CuS4
,0.0,Ti2MnFe
mp-644259,0.0,Ti2NiH
mp-1025281,0.0,Ti2NiSe4
,0.0,Ti2OsRu
,0.0,Ti2RePd
,0.0,Ti2ReRh
,0.0,Ti2ReRu
,0.0,Ti2Sb(PO4)3
,0.0,Ti2TcNi
,0.0,Ti2TcPd
,0.0,Ti2ZnS4
,0.0,Ti3Be
mp-21457,0.0,Ti3Cu3O
,0.0,Ti3Fe3O
,0.0,Ti3PO7
mp-30851,0.0,Ti3Pt5
,0.0,Ti3SnC2
mp-571457,0.0,Ti4NiBi2
mp-10734,0.0,Ti4O5
,0.0,Ti4ZnO8
mp-684065,0.0,Ti5(B6O13)2
,0.0,Ti5Zn4(TeO6)3
,0.0,Ti5ZnO7
mp-1191976,3.4,Ti6H2O13
,0.0,Ti9O10
,0.0,Ti9O8
mp-1953,0.0,TiAl
mp-16482,0.0,TiAlAu2
mp-505540,0.0,TiAsRh
,0.0,TiAuCl
,3.1,TiBi25O39
mp-27785,0.0,TiBr2
mp-631,0.0,TiC
mp-22769,0.0,TiCoGe
mp-5967,0.95,TiCoSb
,0.0,TiCoSn
,0.0,TiCr3(PO4)6
mp-2454,0.0,TiFe2
,0.0,TiFe2As
,0.0,TiFe2Sb
,0.4,TiFe2Si
mp-1079106,0.0,TiFeH2
,0.0,TiGaIr2
mp-7607,0.0,TiHgO3
,0.0,TiI
,0.0,TiMn2Al
,0.0,TiMn2Ge
mp-20952,0.42,TiNiSb
mp-554278,3.3,TiO2
,0.0,TiOs3
mp-5839,0.0,TiPO4
mp-980094,0.0,TiPd
,0.0,TiReN3
mp-2156,1.95,TiS2
mp-9920,0.9,TiS3
mp-568789,0.0,TiSe
mp-2194,1.55,TiSe2
,0.0,TiTc2Sb
mp-1907,1.0,TiTe2
mp-558747,1.3,TiTlPS5
,1.0,TiTlS2
,0.56,TiTlSe2
,0.0,TiV4CuO12
mp-21289,0.0,TiZn3
mp-557929,0.0,Tl(Cu3S2)2
mp-3411,0.0,Tl(MoSe)3
,0.0,Tl(WO3)3
,0.3,Tl0.001Te1Pb0.999
,0.48,Tl0.005Te1Pb0.995
,0.59,Tl0.01Te1Pb0.99
,0.57,Tl0.04Te1Pb0.96
,0.54,Tl0.07Te1Pb0.93
,0.0,Tl16O15F17
,0.6,Tl2.35Sb8.65Se14
mp-559093,1.8,Tl2BiP2S7
mp-1025299,0.0,Tl2CdTe4
mp-18240,1.4,Tl2Cu2SnS4
mp-29034,0.36,Tl2GeTe3
mp-1188364,2.05,Tl2Hg3S4
mp-1105692,1.57,Tl2Hg3Se4
mp-1190100,0.9,Tl2Hg3Te4
,2.05,Tl2InGaSe4
,0.88,Tl2InGaTe4
mp-704535,0.0,Tl2Mo7O22
mp-1658,2.25,Tl2O3
mp-9510,2.2,Tl2PAuS4
mp-556516,1.0,Tl2S
,0.37,Tl2Se
,0.67,Tl2Te3As2Se
mp-31076,2.06,Tl2TeBr6
mp-31077,1.47,Tl2TeI6
mp-17172,1.6,Tl2TeS3
mp-7684,1.3,Tl3AsSe3
,0.0,Tl3Cr
,0.0,Tl3Ir
,0.0,Tl3Pb
,0.0,Tl3Si
mp-570339,2.8,Tl4CdI6
mp-1191858,2.2,Tl4CuTeO6
,2.63,Tl4In3GaS8
mp-174,0.0,Tl5Te3
,2.3,Tl6Cu(TeO5)2
,0.0,Tl8Os8O27
,0.0,Tl9SbSe6
,0.72,TlAgSe2
mp-10006,0.1,TlAgTe2
mp-4988,2.15,TlAsS2
mp-30236,1.35,TlAsSe2
mp-27438,0.12,TlBiTe2
,0.5,TlBiTe3
mp-7708,1.5,TlCdS2
,0.0,TlCoBi
,0.0,TlCoMo2
,0.75,TlCr5(Se3S)2
,0.85,TlCr5(SeS)4
,0.94,TlCr5(SeS3)2
mp-541823,1.01,TlCr5S8
,0.89,TlCr5Se3S5
,0.8,TlCr5Se5S3
,0.71,TlCr5Se7S
mp-3407,0.67,TlCr5Se8
,0.97,TlCr5SeS7
mp-1105457,2.98,TlCuCl3
mp-14090,1.07,TlCuSe2
mp-23415,0.0,TlFeI3
mp-4016,3.4,TlGaS2
mp-17254,1.65,TlGaSe2
mp-3785,1.8,TlGaTe2
mp-1204377,3.03,TlHg6S4Br5
mp-1202157,2.8,TlHg6Se4Br5
,2.3,TlInGeS4
mp-1190524,1.74,TlInHgS3
mp-22791,0.62,TlInTe2
,1.4,TlN
mp-870,3.58,TlN3
,0.0,TlNi
,1.6,TlPS2
,0.5,TlPSe2
mp-561066,1.36,TlS
,1.8,TlS2
,0.82,TlSbSe2
,0.38,TlSbTe3
mp-2556,0.0,TlSn
,1.2,TlSnAuSe3
mp-2081,0.0,TlTe
,0.3,TlTeP
,0.0,TlZn2Tc
mp-3262,0.0,Tm(CoSi)2
mp-567808,0.0,Tm(CuGe)2
,0.0,Tm(CuS)2
mp-640889,0.14,Tm(CuTe)3
mp-2938,0.0,Tm(FeSi)2
mp-570907,0.0,Tm(GeRu)2
mp-5641,0.0,Tm(MnGe)6
mp-4195,0.0,Tm(NiGe)2
mp-570217,0.0,Tm(SiOs)2
,0.0,Tm2AlOs
,0.0,Tm2CdHg
,0.0,Tm2CuTc
mp-647243,0.0,Tm2Ga10Os3
mp-21486,0.0,Tm2In
,0.0,Tm2IrPd
,0.0,Tm2MgRu
,0.0,Tm2MgTl
mp-1767,4.53,Tm2O3
mp-555716,0.0,Tm2Ru2O7
,0.0,Tm2ZnAg
,0.0,Tm2ZnGa
,0.0,Tm2ZnHg
,0.0,Tm2ZnOs
mp-9694,0.0,Tm3(GePd)4
,0.0,Tm3GaC
mp-13511,0.0,Tm4In(NiGe2)2
,1.22,Tm4Sb2Se11.68
mp-21810,0.0,Tm5(Ge5Rh2)2
,0.0,Tm5Ti5O17
mp-16518,0.0,TmAl4Ni
mp-865402,0.0,TmAlCu
mp-1101,1.18,TmAs
mp-1017507,0.0,TmAu
mp-560,0.0,TmAu2
mp-15604,0.0,TmB2C
mp-10134,0.0,TmBPd3
mp-5438,0.0,TmBRh3
,0.0,TmCdAg2
mp-1025408,0.0,TmCoSi2
mp-1025116,0.0,TmCu4Ag
mp-8123,0.0,TmCuSi
mp-998911,0.0,TmGe
mp-24727,0.0,TmH2
mp-21177,0.0,TmIn3
,0.0,TmLuPd2
,0.0,TmMg2Sc
,0.0,TmMgAg2
,0.0,TmMgCd2
mp-11615,0.0,TmMnGe
mp-554211,0.0,TmMnO3
mp-348,0.0,TmPd
mp-2520,0.0,TmSb
,0.0,TmScHg2
mp-11974,0.0,TmSnRh
,0.0,TmSnRu2
,0.0,TmThRu2
mp-515,0.0,TmTl
,0.0,TmU2S3O2
mp-4606,0.0,U(Al2Fe)4
mp-27350,0.0,U(BH4)4
mp-1079975,0.0,U(CoGe)2
mp-2971,0.0,U(CrC)4
mp-21478,0.0,U(CuP)2
mp-5683,0.0,U(MnSi)2
mp-20596,0.0,U(SiNi)2
,0.0,U11O5
mp-541853,0.0,U2(Co7B2)3
mp-8894,0.0,U2Al3C4
mp-21269,0.0,U2AlCo2
mp-30176,0.0,U2AlCo3
mp-27661,0.0,U2Cl5O2
mp-21819,0.0,U2Cr30P19
mp-572929,0.0,U2Cu2As3O
mp-570800,0.0,U2MnN3
mp-1078133,0.0,U2Re2C3
mp-639876,0.0,U2SnRh2
mp-5505,0.0,U2TeN2
mp-1709,0.0,U2Ti
mp-680401,0.0,U2Zn17
mp-23196,0.0,U3Bi4
mp-541587,0.0,U3Cu2Se7
,0.0,U3Nb
mp-567905,0.0,U3Ni3Sn4
mp-20328,0.0,U3Se4
,0.0,U4N7
mp-504442,0.0,U4Re7Si6
,0.0,U4S3
,0.0,U5Ge3
mp-582635,0.0,U6Co
mp-1723,0.0,UAl3
mp-574122,0.0,UAl4
mp-16519,0.0,UAlNi4
mp-12072,0.0,UAu2
mp-13018,0.0,UCo4Sn
mp-20811,0.0,UCoSi
mp-30534,0.0,UCuP2
mp-580439,0.0,UFe5Si3
mp-20121,0.0,UFeSi
mp-20632,0.0,UGa2
mp-31428,0.0,UGa3Ni
mp-623006,0.0,UGa5Ir
mp-21320,0.0,UGaNi
mp-20321,0.0,UGeRh
mp-567543,2.6,UHg3(TeCl3)2
mp-570252,1.9,UHg4(AsCl3)2
mp-21425,0.0,UNiSn
,1.5,UO
mp-1597,2.18,UO2
mp-1195782,1.41,UP2S7
,1.41,UP2S9
mp-30855,0.0,UPt3
mp-9937,0.0,USbSe
mp-19924,0.0,USeS
mp-2800,0.0,USi3
mp-7810,0.0,UVC2
,0.0,V12P7
,0.0,V2(OF)3
,2.0,V2Bi4O11
,2.48,V2Cd2Te2O11
mp-640159,0.0,V2GaSn2
,0.0,V2NO
,0.0,V2OsRu
mp-1203641,3.37,V2Pb4(Se2O7)3
,0.0,V2Sb(PO4)3
,0.0,V2Si2O7
,0.0,V2TcRu
mp-554700,2.96,V2Zn3TeO10
mp-18879,0.0,V2ZnO4
,0.0,V3(HO2)4
,0.0,V3Ag
mp-1194395,0.76,V3As2O9
,2.5,V3Bi(PbO4)3
,2.66,V3Cd4(TeO5)3
,0.0,V3CrO10
,0.0,V3Cu
,0.0,V3CuO8
,3.14,V3Pb2Se5O18
mp-2211,0.0,V3Pt
,0.0,V3Re
mp-2567,0.0,V3Si
mp-504625,0.0,V3SiNi2
,0.0,V4ZnO8
mp-10126,0.0,V5SiB2
,0.0,V6AgO15
mp-619128,0.0,V6PbO11
,0.0,V8O
mp-1198619,2.24,VAg(IO4)2
mp-6543,0.0,VAg(PSe3)2
,2.16,VAg2I3O11
mp-1491,0.0,VB2
,2.2,VBi(SeO4)2
,3.25,VBi24O41
,0.0,VCo
,0.0,VCu3(PO4)4
mp-3762,1.0,VCu3S4
,0.0,VFeRu2
mp-567636,0.46,VFeSb
mp-1195697,3.0,VGa(TeO4)2
,1.92,VIn(NiO3)2
mp-569250,0.0,VIr
mp-1082,0.0,VIr3
mp-11531,0.0,VNi2
,0.0,VNi5(PO4)6
mp-19184,0.3,VO
mp-1114,0.0,VP
mp-8251,0.0,VP4
mp-18835,0.0,VPO4
mp-12108,0.0,VPt2
mp-7821,0.0,VSb
mp-2540,0.0,VTc
mp-11687,0.0,VTe2
,2.51,VTeHO5
mp-1105584,2.4,VZn2BiO6
,0.0,VZnRu2
mp-2034,0.0,W2C
,0.0,W2N
,0.0,W3O7F
mp-23269,0.0,WCl3
mp-11029,0.0,Y(Al2Cu)4
mp-16744,0.0,Y(Al5Fe)2
mp-10435,0.0,Y(AlSi)2
mp-4740,0.0,Y(CrSi)2
,0.88,Y(CuSe)3
mp-3390,0.0,Y(CuSi)2
,0.72,Y(CuTe)3
mp-5288,0.0,Y(FeSi)2
mp-568940,0.0,Y(NiP)2
mp-9906,0.0,Y(Re2Si)2
mp-1080646,0.0,Y(SiPt)2
mp-3441,0.0,Y(SiRh)2
mp-568673,0.0,Y(SiRu)2
mp-11445,0.0,Y(TiGa2)2
,0.0,Y2AlZn
mp-1695,0.0,Y2C3
,0.0,Y2CuO4
mp-1025339,0.0,Y2Fe2Si2C
mp-13546,0.0,Y2Ge2O7
mp-541609,0.0,Y2Ge5Ir3
mp-18265,0.0,Y2Mo2O7
mp-2652,5.6,Y2O3
mp-504560,0.0,Y2ReB6
mp-20643,0.0,Y2Ru2O7
mp-541289,2.9,Y2S3
,0.0,Y2U3O11
,0.0,Y3(Fe31B7)2
mp-10209,0.0,Y3Al3NiGe2
,0.0,Y3Fe29
mp-21491,0.0,Y3GaCo3
mp-1189598,2.88,Y3GaS6
mp-17381,0.0,Y3Ge4
mp-14244,0.0,Y3Si3Pd2
,0.0,Y3Tm
,0.0,Y4AsSe3
mp-1200885,0.0,Y4C7
,0.0,Y4CuTe8
,2.06,Y4GaSbS9
,1.95,Y4US5O3
,2.38,Y6Zn(SiS7)2
,0.0,YAgO3
mp-29736,0.0,YAlGe
mp-1095464,0.0,YAlPd
mp-933,0.0,YAs
mp-9880,0.0,YB2C
mp-12737,0.0,YB2Rh2C
,0.8,YB66
mp-23241,0.0,YBi
,3.78,YCd4B3O10
,0.0,YCdHg2
,0.0,YCdPd2
,0.0,YCdPt2
mp-1294,0.0,YCo2
mp-22668,0.0,YCoO3
,0.0,YCu3(WO3)4
mp-2918,3.5,YCuO2
,0.0,YErRh2
mp-24650,0.0,YH2
,4.83,YH2NO5
mp-30725,0.0,YHg2
mp-22056,0.0,YIn2Ni
mp-570765,0.0,YMg4Cu
mp-13090,0.0,YMgAl
mp-13172,0.0,YMgCu4
mp-5590,0.0,YMgGa
mp-560118,3.82,YMoClO4
mp-555913,3.78,YMoO4F
mp-2114,1.9,YN
mp-7559,0.0,YNi4B
,0.27,YSbPd
mp-4964,0.16,YSbPt
,0.0,YScO2
mp-12769,0.0,YSi2
mp-20557,0.0,YSiNi
mp-21069,0.0,YSiRu
mp-11571,0.0,YSn3
,0.0,YTi4(CuO4)3
mp-4355,0.0,YTiO3
,0.0,YTmCu2
,2.09,YV(BiO4)2
,2.7,YVSeO10
,2.2,YVTeO10
,0.0,YWO3
mp-30885,0.0,YZn5
,1.58,YZnBiO4
mp-4410,0.0,Yb(Al2Mo)2
mp-573498,0.0,Yb(AlGa)2
mp-4041,0.0,Yb(AlGe)2
mp-10405,0.0,Yb(AlSi)2
,1.56,Yb(CuS)3
,0.2,Yb(CuSe)3
mp-613612,0.0,Yb(Fe2Ge)2
mp-21795,0.0,Yb(Ga4Co)2
mp-561799,2.3,Yb(GaS2)2
mp-1104171,1.8,Yb(GaSe2)2
,0.0,Yb(HO)3
mp-558464,0.0,Yb(IO3)3
,1.31,Yb(InS2)3
mp-9592,0.0,Yb(MnAs)2
mp-1194386,1.12,Yb(SbS2)2
,0.34,Yb(SbTe2)2
mp-10668,0.0,Yb(SiAg)2
mp-10626,0.0,Yb(SiRh)2
mp-8792,0.0,Yb11(Ni10C)6
,0.0,Yb14Ti10O41
,0.0,Yb16S29
mp-569434,0.0,Yb2(ZnGe)3
mp-645504,0.0,Yb23Mg4Cu7
,0.0,Yb2Ce8O19
mp-1194516,1.6,Yb2EuS4
mp-645707,1.3,Yb2EuSe4
mp-10998,0.0,Yb2Ge2Ir
,0.0,Yb2HgPb
mp-21267,0.0,Yb2InPd2
,0.0,Yb2MgS4
,0.0,Yb2MgSe4
,5.22,Yb2O3
,0.0,Yb2SmS4
mp-570050,0.0,Yb2Sn
,0.0,Yb2ZnPb
mp-3800,0.0,Yb3Al5O12
mp-3046,0.0,Yb3Sn13Rh4
,0.0,Yb3Tc
,0.0,Yb3Ti3O14
,0.0,Yb3V
,1.71,Yb4Sb2S11.25
mp-1295,0.0,Yb4Sb3
mp-570527,0.0,Yb5Au4
,0.0,Yb6U3O17
mp-569159,0.0,Yb8Ge3Sb5
mp-568559,0.0,YbAg2
mp-9776,0.0,YbAgGe
mp-13166,0.0,YbAgO2
mp-1259,0.0,YbAl3
,1.02,YbAs
mp-1025051,0.0,YbB2Rh3
,1.27,YbB66
mp-5364,0.0,YbBO3
,0.0,YbCdHg2
,1.37,YbCe2CuS5
,1.05,YbCe2CuSe5
mp-5111,0.0,YbCuGe
mp-8124,0.0,YbCuSi
,0.0,YbDyPd2
mp-972051,0.0,YbGa2Pd
mp-20498,0.0,YbGeRh
mp-1191250,0.0,YbH2ClO2
mp-1102692,0.0,YbIn4Ni
mp-672274,0.0,YbIn4Rh
mp-1584,0.0,YbIr2
mp-11098,0.0,YbMgPd
mp-704504,0.0,YbMn2O5
,1.35,YbNd2CuS5
,0.0,YbNd3
,0.0,YbNdAg2
mp-4179,0.0,YbPO4
,0.0,YbPmPt2
,0.0,YbPr11Se16
,1.25,YbPr2CuS5
mp-2235,0.0,YbRh2
,1.0,YbSb
,0.22,YbSb4Te7
mp-286,1.5,YbSe
mp-972406,0.0,YbSi2Ni
,1.28,YbSm2CuS5
,0.0,YbSmRh2
mp-16641,0.0,YbSn2Pd
mp-11973,0.0,YbSnRh
,0.75,YbSnTe2
mp-1779,1.8,YbTe
mp-16472,0.0,YbTlS2
mp-570118,0.0,YbTlSe2
mp-1103822,4.23,YbWClO4
,0.0,YbZnAu2
mp-13026,0.0,YbZnPt
,2.88,Zn(Bi19O29)2
,0.0,Zn(CoO2)2
,0.0,Zn(CuO2)2
,0.0,Zn(FeN)2
mp-15776,1.72,Zn(GaSe2)2
,1.39,Zn0.01Ga0.99As0.99Se0.01
,2.25,Zn0.01Ga0.99P0.99S0.01
,2.24,Zn0.01Ga0.99P0.99Se0.01
,0.72,Zn0.01Ga0.99Sb0.99Te0.01
,0.85,Zn0.05Ga0.95Sb0.95Te0.05
,1.47,Zn0.15Ga0.85As0.85Se0.15
,1.0,Zn0.1Ga0.9Sb0.9Te0.1
,1.51,Zn0.25Ga0.75As0.75Se0.25
,2.18,Zn0.25Ga0.75P0.75Se0.25
,1.15,Zn0.2Ga0.8Sb0.8Te0.2
,0.07,Zn0.2Hg0.8Te1
,2.3,Zn0.3Ga0.7P0.7S0.3
,1.67,Zn0.42Ga0.58As0.58Se0.42
,0.42,Zn0.4Hg0.6Se1
,0.8,Zn0.55Hg0.45Se1
,1.52,Zn0.5Ga0.5As0.5Se0.5
,2.13,Zn0.5Ga0.5P0.5Se0.5
,1.0,Zn0.65Hg0.35Se1
,1.8,Zn0.6Ga0.4As0.4Se0.6
,3.2,Zn0.75Cd0.25Se1
,1.4,Zn0.75Hg0.25Se1
,1.93,Zn0.7Ga0.3As0.3Se0.7
,2.15,Zn0.7Ga0.3P0.3Se0.7
,2.25,Zn0.85Ga0.15As0.15Se0.85
,1.8,Zn0.85Hg0.15Se1
,1.66,Zn0.86Hg0.14Te1
,1.4,Zn0.8Hg0.2Se1
,1.4,Zn0.8Hg0.2Te1
,1.9,Zn0.92Hg0.08Te1
,2.03,Zn0.94Hg0.06Te1
,2.4,Zn0.95Ga0.05P0.05Se0.95
,2.59,Zn0.99Ga0.01As0.01Se0.99
,3.7,Zn0.99Ga0.01P0.01S0.99
,2.6,Zn0.99Ga0.01P0.01Se0.99
,2.1,Zn0.99Ga0.01Sb0.01Te0.99
,2.6,Zn0.99Hg0.01Se1
,2.34,Zn0.9Ga0.1As0.1Se0.9
,2.8,Zn0.9Ga0.1P0.1S0.9
,2.3,Zn0.9Ga0.1P0.1Se0.9
,1.75,Zn0.9Hg0.1Se1
,1.74,Zn0.9Hg0.1Te1
mp-28787,0.0,Zn2BIr2
,1.1,Zn2InCuSe4
,1.05,Zn2InCuTe4
mp-1191333,4.2,Zn2MoSeO7
,0.0,Zn2Ni9O13
,0.0,Zn2Sb3O8
,0.0,Zn2SnN2
mp-1192126,4.1,Zn2TeMoO7
,0.0,Zn2WN2
mp-557683,2.6,Zn3(BO3)2
mp-30311,3.07,Zn3(PS4)2
,2.99,Zn3.5Ga1Sn0.5O6
,0.0,Zn3Cd
,0.0,Zn3Cu
,0.0,Zn3Cu10(TeO6)6
mp-9460,0.0,Zn3N2
mp-2071,1.15,Zn3P2
,3.0,Zn4.5Ga1Sn0.5O7
,2.99,Zn5.5Ga1Sn0.5O8
,2.71,Zn6S5Cl2
mp-30361,0.0,Zn8Ag5
,0.0,ZnAgF5
mp-7372,0.9,ZnAs
mp-1195627,4.6,ZnB12(H5O12)2
,0.0,ZnCrO2
mp-6408,2.1,ZnCu2GeS4
mp-10824,1.63,ZnCu2GeSe4
mp-1104843,2.33,ZnCu2SiSe4
mp-1078498,1.47,ZnCu2SiTe4
mp-1078918,1.44,ZnCu2SnSe4
mp-1079468,1.39,ZnCu2SnTe4
,0.0,ZnCu3P3O13
,0.0,ZnGaRh2
,2.65,ZnHg3(SCl2)2
,2.23,ZnHg3(SeCl2)2
mp-27161,4.53,ZnI2
,0.0,ZnIrO3
mp-753,1.05,ZnSb
,3.3,ZnSb2MoO7
,0.0,ZnSb3
mp-1189914,3.28,ZnSi(AgS2)2
mp-3595,2.12,ZnSiAs2
mp-4763,2.07,ZnSiP2
,0.0,ZnSn3
mp-13334,3.9,ZnSnO3
,2.37,ZnTc
,0.0,ZnWO2
mp-19792,0.0,Zr(Fe2Si)2
mp-505598,0.0,Zr(Ni2P)2
,1.71,Zr0.67Ta1.33N3.03O0.12
,2.48,Zr1.33Ta0.67N1.63O1.89
,2.31,Zr1.33Ta0.67N1.97O1.38
,1.93,Zr1.33Ta0.67N2.61O0.42
,1.26,Zr1.86Cu1S4
mp-541854,0.0,Zr2(Co7B2)3
mp-2557,0.0,Zr2Al
mp-972631,0.0,Zr2Co12P7
mp-14025,0.0,Zr2CuS4
mp-642803,0.0,Zr2HBr2
mp-602268,0.0,Zr2In5Ni
mp-18648,0.0,Zr2Ni12P7
mp-22642,0.0,Zr2Se
mp-21559,0.0,Zr2Te
,0.0,Zr3(Al2C3)2
mp-27961,0.0,Zr3(Cu2Si3)2
,0.0,Zr3Ag
mp-13470,0.0,Zr3Al2
mp-1630,0.0,Zr3Hg
mp-30748,0.0,Zr3Ir
,0.0,Zr3NiO
mp-561418,0.2,Zr3O
,0.0,Zr4AlNi2
mp-22233,0.0,Zr4Co4Ge7
mp-16724,0.0,Zr5Al3
mp-972176,0.0,Zr5Al3C
mp-505759,0.0,Zr5Sb3
mp-542816,0.0,Zr5SiSb3
mp-510522,0.0,Zr5Sn3
mp-543001,0.0,Zr5Sn4
mp-24670,0.0,Zr6Al2CoH10
,0.0,Zr6Al2Ni
mp-653981,0.0,Zr6NiCl15
,0.18,Zr6O
mp-12972,0.0,Zr6Sb2Pt
mp-583740,0.0,Zr7P4
,0.0,Zr7Sb4
mp-30183,0.0,ZrAl5Ni2
mp-567927,0.0,ZrAlPt
,0.0,ZrAlRu2
,0.0,ZrAlW
mp-17813,0.0,ZrAu4
mp-1472,0.0,ZrB2
mp-2795,0.6,ZrC
mp-1017540,0.0,ZrCd
mp-21591,0.0,ZrCrSi2
mp-601253,0.0,ZrGaPt
mp-2430,0.0,ZrGe2
mp-637736,0.0,ZrGeRu
,0.0,ZrHCl
,2.48,ZrHg4(AsCl3)2
mp-1200713,3.22,ZrHg4(PCl3)2
mp-623134,0.0,ZrInCu2
,0.0,ZrInPd2
,0.0,ZrInRh2
mp-715,0.0,ZrIr2
,0.0,ZrMo3
mp-1102687,0.0,ZrNiGe
mp-20697,0.55,ZrNiSb
,0.0,ZrNiSn
mp-2858,4.99,ZrO2
mp-1018102,0.0,ZrPd2
mp-30842,0.0,ZrPd3
mp-12109,0.0,ZrRe2
mp-669917,0.0,ZrRh
mp-10706,0.0,ZrRu3C
mp-1186,2.75,ZrS2
mp-569671,0.0,ZrSb
mp-31457,0.0,ZrSbRu
,0.0,ZrSe
mp-2076,2.0,ZrSe2
mp-1515,0.0,ZrSi2
mp-19917,0.0,ZrSiTe
,1.72,ZrTaN3
mp-1539,0.0,ZrTe
,0.0,ZrTi2O
mp-16548,0.0,ZrTiF6
mp-675,0.0,ZrW2
